batch_id,batch_path,row_order,row_id,doc_id,sent_id
batch_001,/Users/nmduk/PROJECTS/A:B:C Classifier/outputs/issue_reaudit_round3/batches/batch_001.csv,1,645,0000014846_2019_4,10
batch_001,/Users/nmduk/PROJECTS/A:B:C Classifier/outputs/issue_reaudit_round3/batches/batch_001.csv,2,646,0000014846_2019_4,11
batch_001,/Users/nmduk/PROJECTS/A:B:C Classifier/outputs/issue_reaudit_round3/batches/batch_001.csv,3,647,0000014846_2019_4,12
batch_001,/Users/nmduk/PROJECTS/A:B:C Classifier/outputs/issue_reaudit_round3/batches/batch_001.csv,4,857,0000023666_2012_4,12
batch_001,/Users/nmduk/PROJECTS/A:B:C Classifier/outputs/issue_reaudit_round3/batches/batch_001.csv,5,858,0000023666_2012_4,13
batch_001,/Users/nmduk/PROJECTS/A:B:C Classifier/outputs/issue_reaudit_round3/batches/batch_001.csv,6,859,0000023666_2012_4,14
batch_001,/Users/nmduk/PROJECTS/A:B:C Classifier/outputs/issue_reaudit_round3/batches/batch_001.csv,7,860,0000023666_2012_4,15
batch_001,/Users/nmduk/PROJECTS/A:B:C Classifier/outputs/issue_reaudit_round3/batches/batch_001.csv,8,861,0000023666_2012_4,17
batch_001,/Users/nmduk/PROJECTS/A:B:C Classifier/outputs/issue_reaudit_round3/batches/batch_001.csv,9,627,0000028823_2018_4,8
batch_001,/Users/nmduk/PROJECTS/A:B:C Classifier/outputs/issue_reaudit_round3/batches/batch_001.csv,10,629,0000028823_2018_4,11
batch_001,/Users/nmduk/PROJECTS/A:B:C Classifier/outputs/issue_reaudit_round3/batches/batch_001.csv,11,630,0000028823_2018_4,12
batch_001,/Users/nmduk/PROJECTS/A:B:C Classifier/outputs/issue_reaudit_round3/batches/batch_001.csv,12,631,0000028823_2018_4,13
batch_001,/Users/nmduk/PROJECTS/A:B:C Classifier/outputs/issue_reaudit_round3/batches/batch_001.csv,13,632,0000028823_2018_4,14
batch_001,/Users/nmduk/PROJECTS/A:B:C Classifier/outputs/issue_reaudit_round3/batches/batch_001.csv,14,633,0000028823_2018_4,16
batch_001,/Users/nmduk/PROJECTS/A:B:C Classifier/outputs/issue_reaudit_round3/batches/batch_001.csv,15,634,0000028823_2018_4,18
batch_001,/Users/nmduk/PROJECTS/A:B:C Classifier/outputs/issue_reaudit_round3/batches/batch_001.csv,16,635,0000028823_2018_4,19
batch_001,/Users/nmduk/PROJECTS/A:B:C Classifier/outputs/issue_reaudit_round3/batches/batch_001.csv,17,313,0000039273_2006_4,5
batch_001,/Users/nmduk/PROJECTS/A:B:C Classifier/outputs/issue_reaudit_round3/batches/batch_001.csv,18,314,0000039273_2006_4,6
batch_001,/Users/nmduk/PROJECTS/A:B:C Classifier/outputs/issue_reaudit_round3/batches/batch_001.csv,19,315,0000039273_2006_4,7
batch_001,/Users/nmduk/PROJECTS/A:B:C Classifier/outputs/issue_reaudit_round3/batches/batch_001.csv,20,316,0000039273_2006_4,8
batch_001,/Users/nmduk/PROJECTS/A:B:C Classifier/outputs/issue_reaudit_round3/batches/batch_001.csv,21,385,0000063276_2024_4,8
batch_001,/Users/nmduk/PROJECTS/A:B:C Classifier/outputs/issue_reaudit_round3/batches/batch_001.csv,22,386,0000063276_2024_4,10
batch_001,/Users/nmduk/PROJECTS/A:B:C Classifier/outputs/issue_reaudit_round3/batches/batch_001.csv,23,391,0000063276_2024_4,15
batch_002,/Users/nmduk/PROJECTS/A:B:C Classifier/outputs/issue_reaudit_round3/batches/batch_002.csv,1,484,0000067279_2013_4,5
batch_002,/Users/nmduk/PROJECTS/A:B:C Classifier/outputs/issue_reaudit_round3/batches/batch_002.csv,2,485,0000067279_2013_4,6
batch_002,/Users/nmduk/PROJECTS/A:B:C Classifier/outputs/issue_reaudit_round3/batches/batch_002.csv,3,486,0000067279_2013_4,7
batch_002,/Users/nmduk/PROJECTS/A:B:C Classifier/outputs/issue_reaudit_round3/batches/batch_002.csv,4,487,0000067279_2013_4,8
batch_002,/Users/nmduk/PROJECTS/A:B:C Classifier/outputs/issue_reaudit_round3/batches/batch_002.csv,5,697,0000067347_2024_4,10
batch_002,/Users/nmduk/PROJECTS/A:B:C Classifier/outputs/issue_reaudit_round3/batches/batch_002.csv,6,698,0000067347_2024_4,12
batch_002,/Users/nmduk/PROJECTS/A:B:C Classifier/outputs/issue_reaudit_round3/batches/batch_002.csv,7,699,0000067347_2024_4,15
batch_002,/Users/nmduk/PROJECTS/A:B:C Classifier/outputs/issue_reaudit_round3/batches/batch_002.csv,8,1141,0000072911_2005_4,7
batch_002,/Users/nmduk/PROJECTS/A:B:C Classifier/outputs/issue_reaudit_round3/batches/batch_002.csv,9,1142,0000072911_2005_4,8
batch_002,/Users/nmduk/PROJECTS/A:B:C Classifier/outputs/issue_reaudit_round3/batches/batch_002.csv,10,1143,0000072911_2005_4,9
batch_002,/Users/nmduk/PROJECTS/A:B:C Classifier/outputs/issue_reaudit_round3/batches/batch_002.csv,11,1144,0000072911_2005_4,11
batch_002,/Users/nmduk/PROJECTS/A:B:C Classifier/outputs/issue_reaudit_round3/batches/batch_002.csv,12,900,0000077281_2021_4,11
batch_002,/Users/nmduk/PROJECTS/A:B:C Classifier/outputs/issue_reaudit_round3/batches/batch_002.csv,13,902,0000077281_2021_4,13
batch_002,/Users/nmduk/PROJECTS/A:B:C Classifier/outputs/issue_reaudit_round3/batches/batch_002.csv,14,903,0000077281_2021_4,14
batch_002,/Users/nmduk/PROJECTS/A:B:C Classifier/outputs/issue_reaudit_round3/batches/batch_002.csv,15,301,0000080035_2007_4,10
batch_002,/Users/nmduk/PROJECTS/A:B:C Classifier/outputs/issue_reaudit_round3/batches/batch_002.csv,16,302,0000080035_2007_4,13
batch_002,/Users/nmduk/PROJECTS/A:B:C Classifier/outputs/issue_reaudit_round3/batches/batch_002.csv,17,303,0000080035_2007_4,14
batch_002,/Users/nmduk/PROJECTS/A:B:C Classifier/outputs/issue_reaudit_round3/batches/batch_002.csv,18,304,0000080035_2007_4,15
batch_002,/Users/nmduk/PROJECTS/A:B:C Classifier/outputs/issue_reaudit_round3/batches/batch_002.csv,19,305,0000080035_2007_4,16
batch_002,/Users/nmduk/PROJECTS/A:B:C Classifier/outputs/issue_reaudit_round3/batches/batch_002.csv,20,306,0000080035_2007_4,17
batch_002,/Users/nmduk/PROJECTS/A:B:C Classifier/outputs/issue_reaudit_round3/batches/batch_002.csv,21,307,0000080035_2007_4,19
batch_002,/Users/nmduk/PROJECTS/A:B:C Classifier/outputs/issue_reaudit_round3/batches/batch_002.csv,22,308,0000080035_2007_4,20
batch_002,/Users/nmduk/PROJECTS/A:B:C Classifier/outputs/issue_reaudit_round3/batches/batch_002.csv,23,310,0000080035_2007_4,22
batch_002,/Users/nmduk/PROJECTS/A:B:C Classifier/outputs/issue_reaudit_round3/batches/batch_002.csv,24,311,0000080035_2007_4,23
batch_003,/Users/nmduk/PROJECTS/A:B:C Classifier/outputs/issue_reaudit_round3/batches/batch_003.csv,1,1368,0000089089_2007_4,7
batch_003,/Users/nmduk/PROJECTS/A:B:C Classifier/outputs/issue_reaudit_round3/batches/batch_003.csv,2,1370,0000089089_2007_4,12
batch_003,/Users/nmduk/PROJECTS/A:B:C Classifier/outputs/issue_reaudit_round3/batches/batch_003.csv,3,1371,0000089089_2007_4,13
batch_003,/Users/nmduk/PROJECTS/A:B:C Classifier/outputs/issue_reaudit_round3/batches/batch_003.csv,4,1372,0000089089_2007_4,14
batch_003,/Users/nmduk/PROJECTS/A:B:C Classifier/outputs/issue_reaudit_round3/batches/batch_003.csv,5,1373,0000089089_2007_4,15
batch_003,/Users/nmduk/PROJECTS/A:B:C Classifier/outputs/issue_reaudit_round3/batches/batch_003.csv,6,1375,0000089089_2007_4,19
batch_003,/Users/nmduk/PROJECTS/A:B:C Classifier/outputs/issue_reaudit_round3/batches/batch_003.csv,7,1376,0000089089_2007_4,20
batch_003,/Users/nmduk/PROJECTS/A:B:C Classifier/outputs/issue_reaudit_round3/batches/batch_003.csv,8,1377,0000089089_2007_4,21
batch_003,/Users/nmduk/PROJECTS/A:B:C Classifier/outputs/issue_reaudit_round3/batches/batch_003.csv,9,1378,0000089089_2007_4,22
batch_003,/Users/nmduk/PROJECTS/A:B:C Classifier/outputs/issue_reaudit_round3/batches/batch_003.csv,10,1382,0000089089_2007_4,30
batch_003,/Users/nmduk/PROJECTS/A:B:C Classifier/outputs/issue_reaudit_round3/batches/batch_003.csv,11,1383,0000089089_2007_4,31
batch_003,/Users/nmduk/PROJECTS/A:B:C Classifier/outputs/issue_reaudit_round3/batches/batch_003.csv,12,1384,0000089089_2007_4,32
batch_003,/Users/nmduk/PROJECTS/A:B:C Classifier/outputs/issue_reaudit_round3/batches/batch_003.csv,13,1385,0000089089_2007_4,33
batch_003,/Users/nmduk/PROJECTS/A:B:C Classifier/outputs/issue_reaudit_round3/batches/batch_003.csv,14,1391,0000089089_2007_4,40
batch_003,/Users/nmduk/PROJECTS/A:B:C Classifier/outputs/issue_reaudit_round3/batches/batch_003.csv,15,1392,0000089089_2007_4,41
batch_003,/Users/nmduk/PROJECTS/A:B:C Classifier/outputs/issue_reaudit_round3/batches/batch_003.csv,16,1393,0000089089_2007_4,42
batch_003,/Users/nmduk/PROJECTS/A:B:C Classifier/outputs/issue_reaudit_round3/batches/batch_003.csv,17,1394,0000089089_2007_4,43
batch_003,/Users/nmduk/PROJECTS/A:B:C Classifier/outputs/issue_reaudit_round3/batches/batch_003.csv,18,201,0000091928_2006_4,6
batch_003,/Users/nmduk/PROJECTS/A:B:C Classifier/outputs/issue_reaudit_round3/batches/batch_003.csv,19,202,0000091928_2006_4,7
batch_003,/Users/nmduk/PROJECTS/A:B:C Classifier/outputs/issue_reaudit_round3/batches/batch_003.csv,20,205,0000091928_2006_4,10
batch_003,/Users/nmduk/PROJECTS/A:B:C Classifier/outputs/issue_reaudit_round3/batches/batch_003.csv,21,206,0000091928_2006_4,11
batch_003,/Users/nmduk/PROJECTS/A:B:C Classifier/outputs/issue_reaudit_round3/batches/batch_003.csv,22,161,0000093676_2014_4,16
batch_004,/Users/nmduk/PROJECTS/A:B:C Classifier/outputs/issue_reaudit_round3/batches/batch_004.csv,1,992,0000096831_2006_4,8
batch_004,/Users/nmduk/PROJECTS/A:B:C Classifier/outputs/issue_reaudit_round3/batches/batch_004.csv,2,993,0000096831_2006_4,9
batch_004,/Users/nmduk/PROJECTS/A:B:C Classifier/outputs/issue_reaudit_round3/batches/batch_004.csv,3,994,0000096831_2006_4,10
batch_004,/Users/nmduk/PROJECTS/A:B:C Classifier/outputs/issue_reaudit_round3/batches/batch_004.csv,4,995,0000096831_2006_4,12
batch_004,/Users/nmduk/PROJECTS/A:B:C Classifier/outputs/issue_reaudit_round3/batches/batch_004.csv,5,2,0000109380_2009_4,5
batch_004,/Users/nmduk/PROJECTS/A:B:C Classifier/outputs/issue_reaudit_round3/batches/batch_004.csv,6,82,0000215419_2013_4,13
batch_004,/Users/nmduk/PROJECTS/A:B:C Classifier/outputs/issue_reaudit_round3/batches/batch_004.csv,7,83,0000215419_2013_4,14
batch_004,/Users/nmduk/PROJECTS/A:B:C Classifier/outputs/issue_reaudit_round3/batches/batch_004.csv,8,84,0000215419_2013_4,15
batch_004,/Users/nmduk/PROJECTS/A:B:C Classifier/outputs/issue_reaudit_round3/batches/batch_004.csv,9,1520,0000315545_2016_4,6
batch_004,/Users/nmduk/PROJECTS/A:B:C Classifier/outputs/issue_reaudit_round3/batches/batch_004.csv,10,1521,0000315545_2016_4,18
batch_004,/Users/nmduk/PROJECTS/A:B:C Classifier/outputs/issue_reaudit_round3/batches/batch_004.csv,11,1525,0000315545_2016_4,23
batch_004,/Users/nmduk/PROJECTS/A:B:C Classifier/outputs/issue_reaudit_round3/batches/batch_004.csv,12,1526,0000315545_2016_4,24
batch_004,/Users/nmduk/PROJECTS/A:B:C Classifier/outputs/issue_reaudit_round3/batches/batch_004.csv,13,1527,0000315545_2016_4,26
batch_004,/Users/nmduk/PROJECTS/A:B:C Classifier/outputs/issue_reaudit_round3/batches/batch_004.csv,14,1528,0000315545_2016_4,27
batch_004,/Users/nmduk/PROJECTS/A:B:C Classifier/outputs/issue_reaudit_round3/batches/batch_004.csv,15,1529,0000315545_2016_4,29
batch_004,/Users/nmduk/PROJECTS/A:B:C Classifier/outputs/issue_reaudit_round3/batches/batch_004.csv,16,1530,0000315545_2016_4,30
batch_004,/Users/nmduk/PROJECTS/A:B:C Classifier/outputs/issue_reaudit_round3/batches/batch_004.csv,17,1531,0000315545_2016_4,31
batch_004,/Users/nmduk/PROJECTS/A:B:C Classifier/outputs/issue_reaudit_round3/batches/batch_004.csv,18,1532,0000315545_2016_4,32
batch_004,/Users/nmduk/PROJECTS/A:B:C Classifier/outputs/issue_reaudit_round3/batches/batch_004.csv,19,1538,0000315545_2016_4,38
batch_004,/Users/nmduk/PROJECTS/A:B:C Classifier/outputs/issue_reaudit_round3/batches/batch_004.csv,20,1542,0000315545_2016_4,42
batch_004,/Users/nmduk/PROJECTS/A:B:C Classifier/outputs/issue_reaudit_round3/batches/batch_004.csv,21,327,0000317477_2010_4,16
batch_004,/Users/nmduk/PROJECTS/A:B:C Classifier/outputs/issue_reaudit_round3/batches/batch_004.csv,22,602,0000317788_2016_4,8
batch_004,/Users/nmduk/PROJECTS/A:B:C Classifier/outputs/issue_reaudit_round3/batches/batch_004.csv,23,603,0000317788_2016_4,9
batch_004,/Users/nmduk/PROJECTS/A:B:C Classifier/outputs/issue_reaudit_round3/batches/batch_004.csv,24,605,0000317788_2016_4,15
batch_004,/Users/nmduk/PROJECTS/A:B:C Classifier/outputs/issue_reaudit_round3/batches/batch_004.csv,25,608,0000317788_2016_4,18
batch_005,/Users/nmduk/PROJECTS/A:B:C Classifier/outputs/issue_reaudit_round3/batches/batch_005.csv,1,768,0000716634_2014_4,9
batch_005,/Users/nmduk/PROJECTS/A:B:C Classifier/outputs/issue_reaudit_round3/batches/batch_005.csv,2,769,0000716634_2014_4,10
batch_005,/Users/nmduk/PROJECTS/A:B:C Classifier/outputs/issue_reaudit_round3/batches/batch_005.csv,3,369,0000717954_2023_4,12
batch_005,/Users/nmduk/PROJECTS/A:B:C Classifier/outputs/issue_reaudit_round3/batches/batch_005.csv,4,370,0000717954_2023_4,13
batch_005,/Users/nmduk/PROJECTS/A:B:C Classifier/outputs/issue_reaudit_round3/batches/batch_005.csv,5,371,0000717954_2023_4,14
batch_005,/Users/nmduk/PROJECTS/A:B:C Classifier/outputs/issue_reaudit_round3/batches/batch_005.csv,6,372,0000717954_2023_4,15
batch_005,/Users/nmduk/PROJECTS/A:B:C Classifier/outputs/issue_reaudit_round3/batches/batch_005.csv,7,373,0000717954_2023_4,16
batch_005,/Users/nmduk/PROJECTS/A:B:C Classifier/outputs/issue_reaudit_round3/batches/batch_005.csv,8,374,0000717954_2023_4,17
batch_005,/Users/nmduk/PROJECTS/A:B:C Classifier/outputs/issue_reaudit_round3/batches/batch_005.csv,9,166,0000739608_2014_4,10
batch_005,/Users/nmduk/PROJECTS/A:B:C Classifier/outputs/issue_reaudit_round3/batches/batch_005.csv,10,167,0000739608_2014_4,12
batch_005,/Users/nmduk/PROJECTS/A:B:C Classifier/outputs/issue_reaudit_round3/batches/batch_005.csv,11,168,0000739608_2014_4,14
batch_005,/Users/nmduk/PROJECTS/A:B:C Classifier/outputs/issue_reaudit_round3/batches/batch_005.csv,12,169,0000739608_2014_4,15
batch_005,/Users/nmduk/PROJECTS/A:B:C Classifier/outputs/issue_reaudit_round3/batches/batch_005.csv,13,71,0000754673_2011_4,6
batch_005,/Users/nmduk/PROJECTS/A:B:C Classifier/outputs/issue_reaudit_round3/batches/batch_005.csv,14,586,0000783412_2014_4,13
batch_005,/Users/nmduk/PROJECTS/A:B:C Classifier/outputs/issue_reaudit_round3/batches/batch_005.csv,15,592,0000783412_2014_4,19
batch_005,/Users/nmduk/PROJECTS/A:B:C Classifier/outputs/issue_reaudit_round3/batches/batch_005.csv,16,593,0000783412_2014_4,20
batch_005,/Users/nmduk/PROJECTS/A:B:C Classifier/outputs/issue_reaudit_round3/batches/batch_005.csv,17,594,0000783412_2014_4,21
batch_005,/Users/nmduk/PROJECTS/A:B:C Classifier/outputs/issue_reaudit_round3/batches/batch_005.csv,18,595,0000783412_2014_4,22
batch_006,/Users/nmduk/PROJECTS/A:B:C Classifier/outputs/issue_reaudit_round3/batches/batch_006.csv,1,1488,0000790703_2013_4,16
batch_006,/Users/nmduk/PROJECTS/A:B:C Classifier/outputs/issue_reaudit_round3/batches/batch_006.csv,2,1489,0000790703_2013_4,18
batch_006,/Users/nmduk/PROJECTS/A:B:C Classifier/outputs/issue_reaudit_round3/batches/batch_006.csv,3,1490,0000790703_2013_4,19
batch_006,/Users/nmduk/PROJECTS/A:B:C Classifier/outputs/issue_reaudit_round3/batches/batch_006.csv,4,1491,0000790703_2013_4,20
batch_006,/Users/nmduk/PROJECTS/A:B:C Classifier/outputs/issue_reaudit_round3/batches/batch_006.csv,5,1492,0000790703_2013_4,21
batch_006,/Users/nmduk/PROJECTS/A:B:C Classifier/outputs/issue_reaudit_round3/batches/batch_006.csv,6,1493,0000790703_2013_4,22
batch_006,/Users/nmduk/PROJECTS/A:B:C Classifier/outputs/issue_reaudit_round3/batches/batch_006.csv,7,1494,0000790703_2013_4,23
batch_006,/Users/nmduk/PROJECTS/A:B:C Classifier/outputs/issue_reaudit_round3/batches/batch_006.csv,8,1495,0000790703_2013_4,24
batch_006,/Users/nmduk/PROJECTS/A:B:C Classifier/outputs/issue_reaudit_round3/batches/batch_006.csv,9,1496,0000790703_2013_4,25
batch_006,/Users/nmduk/PROJECTS/A:B:C Classifier/outputs/issue_reaudit_round3/batches/batch_006.csv,10,1497,0000790703_2013_4,26
batch_006,/Users/nmduk/PROJECTS/A:B:C Classifier/outputs/issue_reaudit_round3/batches/batch_006.csv,11,1498,0000790703_2013_4,27
batch_006,/Users/nmduk/PROJECTS/A:B:C Classifier/outputs/issue_reaudit_round3/batches/batch_006.csv,12,1499,0000790703_2013_4,28
batch_006,/Users/nmduk/PROJECTS/A:B:C Classifier/outputs/issue_reaudit_round3/batches/batch_006.csv,13,1500,0000790703_2013_4,29
batch_006,/Users/nmduk/PROJECTS/A:B:C Classifier/outputs/issue_reaudit_round3/batches/batch_006.csv,14,1501,0000790703_2013_4,30
batch_006,/Users/nmduk/PROJECTS/A:B:C Classifier/outputs/issue_reaudit_round3/batches/batch_006.csv,15,1502,0000790703_2013_4,31
batch_006,/Users/nmduk/PROJECTS/A:B:C Classifier/outputs/issue_reaudit_round3/batches/batch_006.csv,16,1503,0000790703_2013_4,32
batch_006,/Users/nmduk/PROJECTS/A:B:C Classifier/outputs/issue_reaudit_round3/batches/batch_006.csv,17,1504,0000790703_2013_4,33
batch_006,/Users/nmduk/PROJECTS/A:B:C Classifier/outputs/issue_reaudit_round3/batches/batch_006.csv,18,1505,0000790703_2013_4,34
batch_006,/Users/nmduk/PROJECTS/A:B:C Classifier/outputs/issue_reaudit_round3/batches/batch_006.csv,19,1506,0000790703_2013_4,35
batch_006,/Users/nmduk/PROJECTS/A:B:C Classifier/outputs/issue_reaudit_round3/batches/batch_006.csv,20,1507,0000790703_2013_4,36
batch_006,/Users/nmduk/PROJECTS/A:B:C Classifier/outputs/issue_reaudit_round3/batches/batch_006.csv,21,1508,0000790703_2013_4,37
batch_006,/Users/nmduk/PROJECTS/A:B:C Classifier/outputs/issue_reaudit_round3/batches/batch_006.csv,22,1511,0000790703_2013_4,42
batch_006,/Users/nmduk/PROJECTS/A:B:C Classifier/outputs/issue_reaudit_round3/batches/batch_006.csv,23,806,0000796655_2008_4,8
batch_006,/Users/nmduk/PROJECTS/A:B:C Classifier/outputs/issue_reaudit_round3/batches/batch_006.csv,24,807,0000796655_2008_4,9
batch_006,/Users/nmduk/PROJECTS/A:B:C Classifier/outputs/issue_reaudit_round3/batches/batch_006.csv,25,808,0000796655_2008_4,11
batch_007,/Users/nmduk/PROJECTS/A:B:C Classifier/outputs/issue_reaudit_round3/batches/batch_007.csv,1,996,0000798081_2009_4,8
batch_007,/Users/nmduk/PROJECTS/A:B:C Classifier/outputs/issue_reaudit_round3/batches/batch_007.csv,2,1002,0000798081_2009_4,17
batch_007,/Users/nmduk/PROJECTS/A:B:C Classifier/outputs/issue_reaudit_round3/batches/batch_007.csv,3,1003,0000798081_2009_4,20
batch_007,/Users/nmduk/PROJECTS/A:B:C Classifier/outputs/issue_reaudit_round3/batches/batch_007.csv,4,1004,0000798081_2009_4,21
batch_007,/Users/nmduk/PROJECTS/A:B:C Classifier/outputs/issue_reaudit_round3/batches/batch_007.csv,5,1005,0000798081_2009_4,23
batch_007,/Users/nmduk/PROJECTS/A:B:C Classifier/outputs/issue_reaudit_round3/batches/batch_007.csv,6,962,0000799850_2025_4,7
batch_007,/Users/nmduk/PROJECTS/A:B:C Classifier/outputs/issue_reaudit_round3/batches/batch_007.csv,7,963,0000799850_2025_4,8
batch_007,/Users/nmduk/PROJECTS/A:B:C Classifier/outputs/issue_reaudit_round3/batches/batch_007.csv,8,964,0000799850_2025_4,9
batch_007,/Users/nmduk/PROJECTS/A:B:C Classifier/outputs/issue_reaudit_round3/batches/batch_007.csv,9,965,0000799850_2025_4,10
batch_007,/Users/nmduk/PROJECTS/A:B:C Classifier/outputs/issue_reaudit_round3/batches/batch_007.csv,10,967,0000799850_2025_4,12
batch_007,/Users/nmduk/PROJECTS/A:B:C Classifier/outputs/issue_reaudit_round3/batches/batch_007.csv,11,1630,0000811830_2022_4,10
batch_007,/Users/nmduk/PROJECTS/A:B:C Classifier/outputs/issue_reaudit_round3/batches/batch_007.csv,12,1631,0000811830_2022_4,11
batch_007,/Users/nmduk/PROJECTS/A:B:C Classifier/outputs/issue_reaudit_round3/batches/batch_007.csv,13,1632,0000811830_2022_4,12
batch_007,/Users/nmduk/PROJECTS/A:B:C Classifier/outputs/issue_reaudit_round3/batches/batch_007.csv,14,1633,0000811830_2022_4,13
batch_007,/Users/nmduk/PROJECTS/A:B:C Classifier/outputs/issue_reaudit_round3/batches/batch_007.csv,15,666,0000827054_2019_4,25
batch_007,/Users/nmduk/PROJECTS/A:B:C Classifier/outputs/issue_reaudit_round3/batches/batch_007.csv,16,192,0000828146_2005_4,8
batch_007,/Users/nmduk/PROJECTS/A:B:C Classifier/outputs/issue_reaudit_round3/batches/batch_007.csv,17,193,0000828146_2005_4,9
batch_007,/Users/nmduk/PROJECTS/A:B:C Classifier/outputs/issue_reaudit_round3/batches/batch_007.csv,18,194,0000828146_2005_4,10
batch_007,/Users/nmduk/PROJECTS/A:B:C Classifier/outputs/issue_reaudit_round3/batches/batch_007.csv,19,196,0000828146_2005_4,12
batch_007,/Users/nmduk/PROJECTS/A:B:C Classifier/outputs/issue_reaudit_round3/batches/batch_007.csv,20,199,0000828146_2005_4,15
batch_008,/Users/nmduk/PROJECTS/A:B:C Classifier/outputs/issue_reaudit_round3/batches/batch_008.csv,1,1301,0000834285_2021_4,12
batch_008,/Users/nmduk/PROJECTS/A:B:C Classifier/outputs/issue_reaudit_round3/batches/batch_008.csv,2,1302,0000834285_2021_4,13
batch_008,/Users/nmduk/PROJECTS/A:B:C Classifier/outputs/issue_reaudit_round3/batches/batch_008.csv,3,1303,0000834285_2021_4,14
batch_008,/Users/nmduk/PROJECTS/A:B:C Classifier/outputs/issue_reaudit_round3/batches/batch_008.csv,4,1304,0000834285_2021_4,15
batch_008,/Users/nmduk/PROJECTS/A:B:C Classifier/outputs/issue_reaudit_round3/batches/batch_008.csv,5,1305,0000834285_2021_4,16
batch_008,/Users/nmduk/PROJECTS/A:B:C Classifier/outputs/issue_reaudit_round3/batches/batch_008.csv,6,1306,0000834285_2021_4,17
batch_008,/Users/nmduk/PROJECTS/A:B:C Classifier/outputs/issue_reaudit_round3/batches/batch_008.csv,7,1307,0000834285_2021_4,18
batch_008,/Users/nmduk/PROJECTS/A:B:C Classifier/outputs/issue_reaudit_round3/batches/batch_008.csv,8,1308,0000834285_2021_4,19
batch_008,/Users/nmduk/PROJECTS/A:B:C Classifier/outputs/issue_reaudit_round3/batches/batch_008.csv,9,1309,0000834285_2021_4,20
batch_008,/Users/nmduk/PROJECTS/A:B:C Classifier/outputs/issue_reaudit_round3/batches/batch_008.csv,10,1310,0000834285_2021_4,21
batch_008,/Users/nmduk/PROJECTS/A:B:C Classifier/outputs/issue_reaudit_round3/batches/batch_008.csv,11,1311,0000834285_2021_4,22
batch_009,/Users/nmduk/PROJECTS/A:B:C Classifier/outputs/issue_reaudit_round3/batches/batch_009.csv,1,1329,0000835011_2006_4,12
batch_009,/Users/nmduk/PROJECTS/A:B:C Classifier/outputs/issue_reaudit_round3/batches/batch_009.csv,2,1331,0000835011_2006_4,15
batch_009,/Users/nmduk/PROJECTS/A:B:C Classifier/outputs/issue_reaudit_round3/batches/batch_009.csv,3,1333,0000835011_2006_4,18
batch_009,/Users/nmduk/PROJECTS/A:B:C Classifier/outputs/issue_reaudit_round3/batches/batch_009.csv,4,1334,0000835011_2006_4,19
batch_009,/Users/nmduk/PROJECTS/A:B:C Classifier/outputs/issue_reaudit_round3/batches/batch_009.csv,5,1336,0000835011_2006_4,21
batch_009,/Users/nmduk/PROJECTS/A:B:C Classifier/outputs/issue_reaudit_round3/batches/batch_009.csv,6,1337,0000835011_2006_4,22
batch_009,/Users/nmduk/PROJECTS/A:B:C Classifier/outputs/issue_reaudit_round3/batches/batch_009.csv,7,1338,0000835011_2006_4,23
batch_009,/Users/nmduk/PROJECTS/A:B:C Classifier/outputs/issue_reaudit_round3/batches/batch_009.csv,8,1339,0000835011_2006_4,24
batch_009,/Users/nmduk/PROJECTS/A:B:C Classifier/outputs/issue_reaudit_round3/batches/batch_009.csv,9,1342,0000835011_2006_4,27
batch_009,/Users/nmduk/PROJECTS/A:B:C Classifier/outputs/issue_reaudit_round3/batches/batch_009.csv,10,1343,0000835011_2006_4,28
batch_009,/Users/nmduk/PROJECTS/A:B:C Classifier/outputs/issue_reaudit_round3/batches/batch_009.csv,11,1344,0000835011_2006_4,29
batch_009,/Users/nmduk/PROJECTS/A:B:C Classifier/outputs/issue_reaudit_round3/batches/batch_009.csv,12,1345,0000835011_2006_4,30
batch_009,/Users/nmduk/PROJECTS/A:B:C Classifier/outputs/issue_reaudit_round3/batches/batch_009.csv,13,1346,0000835011_2006_4,31
batch_009,/Users/nmduk/PROJECTS/A:B:C Classifier/outputs/issue_reaudit_round3/batches/batch_009.csv,14,1347,0000835011_2006_4,32
batch_009,/Users/nmduk/PROJECTS/A:B:C Classifier/outputs/issue_reaudit_round3/batches/batch_009.csv,15,1348,0000835011_2006_4,33
batch_009,/Users/nmduk/PROJECTS/A:B:C Classifier/outputs/issue_reaudit_round3/batches/batch_009.csv,16,1349,0000835011_2006_4,34
batch_009,/Users/nmduk/PROJECTS/A:B:C Classifier/outputs/issue_reaudit_round3/batches/batch_009.csv,17,1350,0000835011_2006_4,35
batch_009,/Users/nmduk/PROJECTS/A:B:C Classifier/outputs/issue_reaudit_round3/batches/batch_009.csv,18,1351,0000835011_2006_4,36
batch_009,/Users/nmduk/PROJECTS/A:B:C Classifier/outputs/issue_reaudit_round3/batches/batch_009.csv,19,1352,0000835011_2006_4,37
batch_009,/Users/nmduk/PROJECTS/A:B:C Classifier/outputs/issue_reaudit_round3/batches/batch_009.csv,20,1353,0000835011_2006_4,38
batch_009,/Users/nmduk/PROJECTS/A:B:C Classifier/outputs/issue_reaudit_round3/batches/batch_009.csv,21,1362,0000835011_2006_4,47
batch_009,/Users/nmduk/PROJECTS/A:B:C Classifier/outputs/issue_reaudit_round3/batches/batch_009.csv,22,1366,0000835011_2006_4,51
batch_009,/Users/nmduk/PROJECTS/A:B:C Classifier/outputs/issue_reaudit_round3/batches/batch_009.csv,23,1367,0000835011_2006_4,52
batch_010,/Users/nmduk/PROJECTS/A:B:C Classifier/outputs/issue_reaudit_round3/batches/batch_010.csv,1,93,0000849146_2016_4,6
batch_010,/Users/nmduk/PROJECTS/A:B:C Classifier/outputs/issue_reaudit_round3/batches/batch_010.csv,2,97,0000849146_2016_4,10
batch_010,/Users/nmduk/PROJECTS/A:B:C Classifier/outputs/issue_reaudit_round3/batches/batch_010.csv,3,98,0000849146_2016_4,11
batch_010,/Users/nmduk/PROJECTS/A:B:C Classifier/outputs/issue_reaudit_round3/batches/batch_010.csv,4,99,0000849146_2016_4,12
batch_010,/Users/nmduk/PROJECTS/A:B:C Classifier/outputs/issue_reaudit_round3/batches/batch_010.csv,5,100,0000849146_2016_4,13
batch_010,/Users/nmduk/PROJECTS/A:B:C Classifier/outputs/issue_reaudit_round3/batches/batch_010.csv,6,115,0000849146_2016_4,31
batch_010,/Users/nmduk/PROJECTS/A:B:C Classifier/outputs/issue_reaudit_round3/batches/batch_010.csv,7,279,0000850033_2014_4,5
batch_010,/Users/nmduk/PROJECTS/A:B:C Classifier/outputs/issue_reaudit_round3/batches/batch_010.csv,8,280,0000850033_2014_4,7
batch_010,/Users/nmduk/PROJECTS/A:B:C Classifier/outputs/issue_reaudit_round3/batches/batch_010.csv,9,281,0000850033_2014_4,10
batch_010,/Users/nmduk/PROJECTS/A:B:C Classifier/outputs/issue_reaudit_round3/batches/batch_010.csv,10,283,0000850033_2014_4,12
batch_010,/Users/nmduk/PROJECTS/A:B:C Classifier/outputs/issue_reaudit_round3/batches/batch_010.csv,11,284,0000850033_2014_4,13
batch_010,/Users/nmduk/PROJECTS/A:B:C Classifier/outputs/issue_reaudit_round3/batches/batch_010.csv,12,285,0000850033_2014_4,14
batch_010,/Users/nmduk/PROJECTS/A:B:C Classifier/outputs/issue_reaudit_round3/batches/batch_010.csv,13,286,0000850033_2014_4,15
batch_010,/Users/nmduk/PROJECTS/A:B:C Classifier/outputs/issue_reaudit_round3/batches/batch_010.csv,14,287,0000850033_2014_4,16
batch_010,/Users/nmduk/PROJECTS/A:B:C Classifier/outputs/issue_reaudit_round3/batches/batch_010.csv,15,1476,0000850209_2009_4,8
batch_010,/Users/nmduk/PROJECTS/A:B:C Classifier/outputs/issue_reaudit_round3/batches/batch_010.csv,16,1477,0000850209_2009_4,9
batch_010,/Users/nmduk/PROJECTS/A:B:C Classifier/outputs/issue_reaudit_round3/batches/batch_010.csv,17,1478,0000850209_2009_4,10
batch_010,/Users/nmduk/PROJECTS/A:B:C Classifier/outputs/issue_reaudit_round3/batches/batch_010.csv,18,985,0000873303_2013_4,9
batch_010,/Users/nmduk/PROJECTS/A:B:C Classifier/outputs/issue_reaudit_round3/batches/batch_010.csv,19,986,0000873303_2013_4,10
batch_010,/Users/nmduk/PROJECTS/A:B:C Classifier/outputs/issue_reaudit_round3/batches/batch_010.csv,20,987,0000873303_2013_4,11
batch_011,/Users/nmduk/PROJECTS/A:B:C Classifier/outputs/issue_reaudit_round3/batches/batch_011.csv,1,830,0000874734_2005_4,10
batch_011,/Users/nmduk/PROJECTS/A:B:C Classifier/outputs/issue_reaudit_round3/batches/batch_011.csv,2,831,0000874734_2005_4,11
batch_011,/Users/nmduk/PROJECTS/A:B:C Classifier/outputs/issue_reaudit_round3/batches/batch_011.csv,3,834,0000874734_2005_4,14
batch_011,/Users/nmduk/PROJECTS/A:B:C Classifier/outputs/issue_reaudit_round3/batches/batch_011.csv,4,835,0000874734_2005_4,15
batch_011,/Users/nmduk/PROJECTS/A:B:C Classifier/outputs/issue_reaudit_round3/batches/batch_011.csv,5,836,0000874734_2005_4,16
batch_011,/Users/nmduk/PROJECTS/A:B:C Classifier/outputs/issue_reaudit_round3/batches/batch_011.csv,6,837,0000874734_2005_4,17
batch_011,/Users/nmduk/PROJECTS/A:B:C Classifier/outputs/issue_reaudit_round3/batches/batch_011.csv,7,839,0000874734_2005_4,19
batch_011,/Users/nmduk/PROJECTS/A:B:C Classifier/outputs/issue_reaudit_round3/batches/batch_011.csv,8,840,0000874734_2005_4,20
batch_011,/Users/nmduk/PROJECTS/A:B:C Classifier/outputs/issue_reaudit_round3/batches/batch_011.csv,9,1323,0000886163_2005_4,7
batch_011,/Users/nmduk/PROJECTS/A:B:C Classifier/outputs/issue_reaudit_round3/batches/batch_011.csv,10,1324,0000886163_2005_4,8
batch_011,/Users/nmduk/PROJECTS/A:B:C Classifier/outputs/issue_reaudit_round3/batches/batch_011.csv,11,1326,0000886163_2005_4,14
batch_011,/Users/nmduk/PROJECTS/A:B:C Classifier/outputs/issue_reaudit_round3/batches/batch_011.csv,12,1327,0000886163_2005_4,15
batch_011,/Users/nmduk/PROJECTS/A:B:C Classifier/outputs/issue_reaudit_round3/batches/batch_011.csv,13,542,0000890801_2005_4,6
batch_011,/Users/nmduk/PROJECTS/A:B:C Classifier/outputs/issue_reaudit_round3/batches/batch_011.csv,14,543,0000890801_2005_4,7
batch_011,/Users/nmduk/PROJECTS/A:B:C Classifier/outputs/issue_reaudit_round3/batches/batch_011.csv,15,545,0000890801_2005_4,10
batch_011,/Users/nmduk/PROJECTS/A:B:C Classifier/outputs/issue_reaudit_round3/batches/batch_011.csv,16,546,0000890801_2005_4,11
batch_011,/Users/nmduk/PROJECTS/A:B:C Classifier/outputs/issue_reaudit_round3/batches/batch_011.csv,17,547,0000890801_2005_4,12
batch_012,/Users/nmduk/PROJECTS/A:B:C Classifier/outputs/issue_reaudit_round3/batches/batch_012.csv,1,708,0000891178_2005_4,3
batch_012,/Users/nmduk/PROJECTS/A:B:C Classifier/outputs/issue_reaudit_round3/batches/batch_012.csv,2,710,0000891178_2005_4,9
batch_012,/Users/nmduk/PROJECTS/A:B:C Classifier/outputs/issue_reaudit_round3/batches/batch_012.csv,3,713,0000891178_2005_4,12
batch_012,/Users/nmduk/PROJECTS/A:B:C Classifier/outputs/issue_reaudit_round3/batches/batch_012.csv,4,714,0000891178_2005_4,15
batch_012,/Users/nmduk/PROJECTS/A:B:C Classifier/outputs/issue_reaudit_round3/batches/batch_012.csv,5,715,0000891178_2005_4,16
batch_012,/Users/nmduk/PROJECTS/A:B:C Classifier/outputs/issue_reaudit_round3/batches/batch_012.csv,6,716,0000891178_2005_4,17
batch_012,/Users/nmduk/PROJECTS/A:B:C Classifier/outputs/issue_reaudit_round3/batches/batch_012.csv,7,717,0000891178_2005_4,18
batch_012,/Users/nmduk/PROJECTS/A:B:C Classifier/outputs/issue_reaudit_round3/batches/batch_012.csv,8,718,0000891178_2005_4,19
batch_012,/Users/nmduk/PROJECTS/A:B:C Classifier/outputs/issue_reaudit_round3/batches/batch_012.csv,9,722,0000891178_2005_4,23
batch_012,/Users/nmduk/PROJECTS/A:B:C Classifier/outputs/issue_reaudit_round3/batches/batch_012.csv,10,723,0000891178_2005_4,24
batch_012,/Users/nmduk/PROJECTS/A:B:C Classifier/outputs/issue_reaudit_round3/batches/batch_012.csv,11,724,0000891178_2005_4,25
batch_012,/Users/nmduk/PROJECTS/A:B:C Classifier/outputs/issue_reaudit_round3/batches/batch_012.csv,12,725,0000891178_2005_4,27
batch_012,/Users/nmduk/PROJECTS/A:B:C Classifier/outputs/issue_reaudit_round3/batches/batch_012.csv,13,847,0000895648_2005_4,5
batch_012,/Users/nmduk/PROJECTS/A:B:C Classifier/outputs/issue_reaudit_round3/batches/batch_012.csv,14,551,0000899166_2007_4,5
batch_012,/Users/nmduk/PROJECTS/A:B:C Classifier/outputs/issue_reaudit_round3/batches/batch_012.csv,15,552,0000899166_2007_4,6
batch_012,/Users/nmduk/PROJECTS/A:B:C Classifier/outputs/issue_reaudit_round3/batches/batch_012.csv,16,553,0000899166_2007_4,7
batch_012,/Users/nmduk/PROJECTS/A:B:C Classifier/outputs/issue_reaudit_round3/batches/batch_012.csv,17,554,0000899166_2007_4,8
batch_012,/Users/nmduk/PROJECTS/A:B:C Classifier/outputs/issue_reaudit_round3/batches/batch_012.csv,18,555,0000899166_2007_4,9
batch_012,/Users/nmduk/PROJECTS/A:B:C Classifier/outputs/issue_reaudit_round3/batches/batch_012.csv,19,556,0000899166_2007_4,10
batch_012,/Users/nmduk/PROJECTS/A:B:C Classifier/outputs/issue_reaudit_round3/batches/batch_012.csv,20,557,0000899166_2007_4,11
batch_012,/Users/nmduk/PROJECTS/A:B:C Classifier/outputs/issue_reaudit_round3/batches/batch_012.csv,21,558,0000899166_2007_4,12
batch_012,/Users/nmduk/PROJECTS/A:B:C Classifier/outputs/issue_reaudit_round3/batches/batch_012.csv,22,559,0000899166_2007_4,13
batch_012,/Users/nmduk/PROJECTS/A:B:C Classifier/outputs/issue_reaudit_round3/batches/batch_012.csv,23,561,0000899166_2007_4,15
batch_013,/Users/nmduk/PROJECTS/A:B:C Classifier/outputs/issue_reaudit_round3/batches/batch_013.csv,1,49,0000910638_2007_4,10
batch_013,/Users/nmduk/PROJECTS/A:B:C Classifier/outputs/issue_reaudit_round3/batches/batch_013.csv,2,50,0000910638_2007_4,11
batch_013,/Users/nmduk/PROJECTS/A:B:C Classifier/outputs/issue_reaudit_round3/batches/batch_013.csv,3,51,0000910638_2007_4,12
batch_013,/Users/nmduk/PROJECTS/A:B:C Classifier/outputs/issue_reaudit_round3/batches/batch_013.csv,4,58,0000910638_2007_4,21
batch_013,/Users/nmduk/PROJECTS/A:B:C Classifier/outputs/issue_reaudit_round3/batches/batch_013.csv,5,59,0000910638_2007_4,22
batch_013,/Users/nmduk/PROJECTS/A:B:C Classifier/outputs/issue_reaudit_round3/batches/batch_013.csv,6,60,0000910638_2007_4,23
batch_013,/Users/nmduk/PROJECTS/A:B:C Classifier/outputs/issue_reaudit_round3/batches/batch_013.csv,7,61,0000910638_2007_4,24
batch_013,/Users/nmduk/PROJECTS/A:B:C Classifier/outputs/issue_reaudit_round3/batches/batch_013.csv,8,63,0000910638_2007_4,26
batch_013,/Users/nmduk/PROJECTS/A:B:C Classifier/outputs/issue_reaudit_round3/batches/batch_013.csv,9,64,0000910638_2007_4,27
batch_013,/Users/nmduk/PROJECTS/A:B:C Classifier/outputs/issue_reaudit_round3/batches/batch_013.csv,10,65,0000910638_2007_4,28
batch_013,/Users/nmduk/PROJECTS/A:B:C Classifier/outputs/issue_reaudit_round3/batches/batch_013.csv,11,66,0000910638_2007_4,29
batch_013,/Users/nmduk/PROJECTS/A:B:C Classifier/outputs/issue_reaudit_round3/batches/batch_013.csv,12,68,0000910638_2007_4,31
batch_013,/Users/nmduk/PROJECTS/A:B:C Classifier/outputs/issue_reaudit_round3/batches/batch_013.csv,13,351,0000914712_2018_4,11
batch_013,/Users/nmduk/PROJECTS/A:B:C Classifier/outputs/issue_reaudit_round3/batches/batch_013.csv,14,359,0000914712_2018_4,20
batch_013,/Users/nmduk/PROJECTS/A:B:C Classifier/outputs/issue_reaudit_round3/batches/batch_013.csv,15,360,0000914712_2018_4,21
batch_013,/Users/nmduk/PROJECTS/A:B:C Classifier/outputs/issue_reaudit_round3/batches/batch_013.csv,16,1415,0000918251_2019_4,6
batch_013,/Users/nmduk/PROJECTS/A:B:C Classifier/outputs/issue_reaudit_round3/batches/batch_013.csv,17,1416,0000918251_2019_4,7
batch_013,/Users/nmduk/PROJECTS/A:B:C Classifier/outputs/issue_reaudit_round3/batches/batch_013.csv,18,1417,0000918251_2019_4,8
batch_013,/Users/nmduk/PROJECTS/A:B:C Classifier/outputs/issue_reaudit_round3/batches/batch_013.csv,19,1418,0000918251_2019_4,9
batch_013,/Users/nmduk/PROJECTS/A:B:C Classifier/outputs/issue_reaudit_round3/batches/batch_013.csv,20,1419,0000918251_2019_4,10
batch_013,/Users/nmduk/PROJECTS/A:B:C Classifier/outputs/issue_reaudit_round3/batches/batch_013.csv,21,1422,0000918251_2019_4,13
batch_013,/Users/nmduk/PROJECTS/A:B:C Classifier/outputs/issue_reaudit_round3/batches/batch_013.csv,22,1423,0000918251_2019_4,14
batch_013,/Users/nmduk/PROJECTS/A:B:C Classifier/outputs/issue_reaudit_round3/batches/batch_013.csv,23,1424,0000918251_2019_4,15
batch_014,/Users/nmduk/PROJECTS/A:B:C Classifier/outputs/issue_reaudit_round3/batches/batch_014.csv,1,736,0000918958_2006_4,8
batch_014,/Users/nmduk/PROJECTS/A:B:C Classifier/outputs/issue_reaudit_round3/batches/batch_014.csv,2,738,0000918958_2006_4,10
batch_014,/Users/nmduk/PROJECTS/A:B:C Classifier/outputs/issue_reaudit_round3/batches/batch_014.csv,3,739,0000918958_2006_4,11
batch_014,/Users/nmduk/PROJECTS/A:B:C Classifier/outputs/issue_reaudit_round3/batches/batch_014.csv,4,740,0000918958_2006_4,12
batch_014,/Users/nmduk/PROJECTS/A:B:C Classifier/outputs/issue_reaudit_round3/batches/batch_014.csv,5,744,0000918958_2006_4,16
batch_014,/Users/nmduk/PROJECTS/A:B:C Classifier/outputs/issue_reaudit_round3/batches/batch_014.csv,6,745,0000918958_2006_4,17
batch_014,/Users/nmduk/PROJECTS/A:B:C Classifier/outputs/issue_reaudit_round3/batches/batch_014.csv,7,746,0000918958_2006_4,18
batch_014,/Users/nmduk/PROJECTS/A:B:C Classifier/outputs/issue_reaudit_round3/batches/batch_014.csv,8,748,0000918958_2006_4,20
batch_014,/Users/nmduk/PROJECTS/A:B:C Classifier/outputs/issue_reaudit_round3/batches/batch_014.csv,9,749,0000918958_2006_4,21
batch_014,/Users/nmduk/PROJECTS/A:B:C Classifier/outputs/issue_reaudit_round3/batches/batch_014.csv,10,750,0000918958_2006_4,22
batch_014,/Users/nmduk/PROJECTS/A:B:C Classifier/outputs/issue_reaudit_round3/batches/batch_014.csv,11,254,0000922487_2007_4,6
batch_014,/Users/nmduk/PROJECTS/A:B:C Classifier/outputs/issue_reaudit_round3/batches/batch_014.csv,12,255,0000922487_2007_4,7
batch_014,/Users/nmduk/PROJECTS/A:B:C Classifier/outputs/issue_reaudit_round3/batches/batch_014.csv,13,256,0000922487_2007_4,8
batch_014,/Users/nmduk/PROJECTS/A:B:C Classifier/outputs/issue_reaudit_round3/batches/batch_014.csv,14,258,0000922487_2007_4,10
batch_014,/Users/nmduk/PROJECTS/A:B:C Classifier/outputs/issue_reaudit_round3/batches/batch_014.csv,15,259,0000922487_2007_4,11
batch_014,/Users/nmduk/PROJECTS/A:B:C Classifier/outputs/issue_reaudit_round3/batches/batch_014.csv,16,262,0000922487_2007_4,14
batch_014,/Users/nmduk/PROJECTS/A:B:C Classifier/outputs/issue_reaudit_round3/batches/batch_014.csv,17,272,0000922487_2007_4,26
batch_014,/Users/nmduk/PROJECTS/A:B:C Classifier/outputs/issue_reaudit_round3/batches/batch_014.csv,18,273,0000922487_2007_4,27
batch_014,/Users/nmduk/PROJECTS/A:B:C Classifier/outputs/issue_reaudit_round3/batches/batch_014.csv,19,762,0000928054_2012_4,3
batch_015,/Users/nmduk/PROJECTS/A:B:C Classifier/outputs/issue_reaudit_round3/batches/batch_015.csv,1,1154,0000929940_2007_4,7
batch_015,/Users/nmduk/PROJECTS/A:B:C Classifier/outputs/issue_reaudit_round3/batches/batch_015.csv,2,1155,0000929940_2007_4,11
batch_015,/Users/nmduk/PROJECTS/A:B:C Classifier/outputs/issue_reaudit_round3/batches/batch_015.csv,3,1156,0000929940_2007_4,12
batch_015,/Users/nmduk/PROJECTS/A:B:C Classifier/outputs/issue_reaudit_round3/batches/batch_015.csv,4,1157,0000929940_2007_4,13
batch_015,/Users/nmduk/PROJECTS/A:B:C Classifier/outputs/issue_reaudit_round3/batches/batch_015.csv,5,1158,0000929940_2007_4,15
batch_015,/Users/nmduk/PROJECTS/A:B:C Classifier/outputs/issue_reaudit_round3/batches/batch_015.csv,6,1159,0000929940_2007_4,16
batch_015,/Users/nmduk/PROJECTS/A:B:C Classifier/outputs/issue_reaudit_round3/batches/batch_015.csv,7,1160,0000929940_2007_4,17
batch_015,/Users/nmduk/PROJECTS/A:B:C Classifier/outputs/issue_reaudit_round3/batches/batch_015.csv,8,1161,0000929940_2007_4,18
batch_015,/Users/nmduk/PROJECTS/A:B:C Classifier/outputs/issue_reaudit_round3/batches/batch_015.csv,9,1162,0000929940_2007_4,19
batch_015,/Users/nmduk/PROJECTS/A:B:C Classifier/outputs/issue_reaudit_round3/batches/batch_015.csv,10,1163,0000929940_2007_4,20
batch_015,/Users/nmduk/PROJECTS/A:B:C Classifier/outputs/issue_reaudit_round3/batches/batch_015.csv,11,1164,0000929940_2007_4,21
batch_015,/Users/nmduk/PROJECTS/A:B:C Classifier/outputs/issue_reaudit_round3/batches/batch_015.csv,12,1165,0000929940_2007_4,22
batch_015,/Users/nmduk/PROJECTS/A:B:C Classifier/outputs/issue_reaudit_round3/batches/batch_015.csv,13,1166,0000929940_2007_4,24
batch_015,/Users/nmduk/PROJECTS/A:B:C Classifier/outputs/issue_reaudit_round3/batches/batch_015.csv,14,1167,0000929940_2007_4,25
batch_015,/Users/nmduk/PROJECTS/A:B:C Classifier/outputs/issue_reaudit_round3/batches/batch_015.csv,15,1168,0000929940_2007_4,26
batch_015,/Users/nmduk/PROJECTS/A:B:C Classifier/outputs/issue_reaudit_round3/batches/batch_015.csv,16,1169,0000929940_2007_4,27
batch_015,/Users/nmduk/PROJECTS/A:B:C Classifier/outputs/issue_reaudit_round3/batches/batch_015.csv,17,1171,0000929940_2007_4,29
batch_015,/Users/nmduk/PROJECTS/A:B:C Classifier/outputs/issue_reaudit_round3/batches/batch_015.csv,18,1172,0000929940_2007_4,30
batch_015,/Users/nmduk/PROJECTS/A:B:C Classifier/outputs/issue_reaudit_round3/batches/batch_015.csv,19,1173,0000929940_2007_4,31
batch_015,/Users/nmduk/PROJECTS/A:B:C Classifier/outputs/issue_reaudit_round3/batches/batch_015.csv,20,1174,0000929940_2007_4,32
batch_015,/Users/nmduk/PROJECTS/A:B:C Classifier/outputs/issue_reaudit_round3/batches/batch_015.csv,21,1175,0000929940_2007_4,34
batch_015,/Users/nmduk/PROJECTS/A:B:C Classifier/outputs/issue_reaudit_round3/batches/batch_015.csv,22,1215,0000929940_2007_4,77
batch_015,/Users/nmduk/PROJECTS/A:B:C Classifier/outputs/issue_reaudit_round3/batches/batch_015.csv,23,1218,0000929940_2007_4,80
batch_015,/Users/nmduk/PROJECTS/A:B:C Classifier/outputs/issue_reaudit_round3/batches/batch_015.csv,24,1219,0000929940_2007_4,81
batch_015,/Users/nmduk/PROJECTS/A:B:C Classifier/outputs/issue_reaudit_round3/batches/batch_015.csv,25,1220,0000929940_2007_4,82
batch_016,/Users/nmduk/PROJECTS/A:B:C Classifier/outputs/issue_reaudit_round3/batches/batch_016.csv,1,1400,0000930184_2007_4,4
batch_016,/Users/nmduk/PROJECTS/A:B:C Classifier/outputs/issue_reaudit_round3/batches/batch_016.csv,2,1401,0000930184_2007_4,6
batch_016,/Users/nmduk/PROJECTS/A:B:C Classifier/outputs/issue_reaudit_round3/batches/batch_016.csv,3,1402,0000930184_2007_4,7
batch_016,/Users/nmduk/PROJECTS/A:B:C Classifier/outputs/issue_reaudit_round3/batches/batch_016.csv,4,1403,0000930184_2007_4,9
batch_016,/Users/nmduk/PROJECTS/A:B:C Classifier/outputs/issue_reaudit_round3/batches/batch_016.csv,5,813,0000933974_2019_4,9
batch_016,/Users/nmduk/PROJECTS/A:B:C Classifier/outputs/issue_reaudit_round3/batches/batch_016.csv,6,814,0000933974_2019_4,11
batch_016,/Users/nmduk/PROJECTS/A:B:C Classifier/outputs/issue_reaudit_round3/batches/batch_016.csv,7,815,0000933974_2019_4,12
batch_016,/Users/nmduk/PROJECTS/A:B:C Classifier/outputs/issue_reaudit_round3/batches/batch_016.csv,8,816,0000933974_2019_4,14
batch_016,/Users/nmduk/PROJECTS/A:B:C Classifier/outputs/issue_reaudit_round3/batches/batch_016.csv,9,817,0000933974_2019_4,15
batch_016,/Users/nmduk/PROJECTS/A:B:C Classifier/outputs/issue_reaudit_round3/batches/batch_016.csv,10,818,0000933974_2019_4,16
batch_016,/Users/nmduk/PROJECTS/A:B:C Classifier/outputs/issue_reaudit_round3/batches/batch_016.csv,11,819,0000933974_2019_4,17
batch_016,/Users/nmduk/PROJECTS/A:B:C Classifier/outputs/issue_reaudit_round3/batches/batch_016.csv,12,14,0000935419_2024_4,9
batch_016,/Users/nmduk/PROJECTS/A:B:C Classifier/outputs/issue_reaudit_round3/batches/batch_016.csv,13,15,0000935419_2024_4,10
batch_016,/Users/nmduk/PROJECTS/A:B:C Classifier/outputs/issue_reaudit_round3/batches/batch_016.csv,14,17,0000935419_2024_4,13
batch_016,/Users/nmduk/PROJECTS/A:B:C Classifier/outputs/issue_reaudit_round3/batches/batch_016.csv,15,18,0000935419_2024_4,14
batch_017,/Users/nmduk/PROJECTS/A:B:C Classifier/outputs/issue_reaudit_round3/batches/batch_017.csv,1,1449,0000944765_2006_4,15
batch_017,/Users/nmduk/PROJECTS/A:B:C Classifier/outputs/issue_reaudit_round3/batches/batch_017.csv,2,1450,0000944765_2006_4,18
batch_017,/Users/nmduk/PROJECTS/A:B:C Classifier/outputs/issue_reaudit_round3/batches/batch_017.csv,3,1451,0000944765_2006_4,20
batch_017,/Users/nmduk/PROJECTS/A:B:C Classifier/outputs/issue_reaudit_round3/batches/batch_017.csv,4,1452,0000944765_2006_4,21
batch_017,/Users/nmduk/PROJECTS/A:B:C Classifier/outputs/issue_reaudit_round3/batches/batch_017.csv,5,1453,0000944765_2006_4,22
batch_017,/Users/nmduk/PROJECTS/A:B:C Classifier/outputs/issue_reaudit_round3/batches/batch_017.csv,6,1454,0000944765_2006_4,24
batch_017,/Users/nmduk/PROJECTS/A:B:C Classifier/outputs/issue_reaudit_round3/batches/batch_017.csv,7,1455,0000944765_2006_4,25
batch_017,/Users/nmduk/PROJECTS/A:B:C Classifier/outputs/issue_reaudit_round3/batches/batch_017.csv,8,1456,0000944765_2006_4,27
batch_017,/Users/nmduk/PROJECTS/A:B:C Classifier/outputs/issue_reaudit_round3/batches/batch_017.csv,9,1457,0000944765_2006_4,28
batch_017,/Users/nmduk/PROJECTS/A:B:C Classifier/outputs/issue_reaudit_round3/batches/batch_017.csv,10,1458,0000944765_2006_4,29
batch_017,/Users/nmduk/PROJECTS/A:B:C Classifier/outputs/issue_reaudit_round3/batches/batch_017.csv,11,1459,0000944765_2006_4,30
batch_018,/Users/nmduk/PROJECTS/A:B:C Classifier/outputs/issue_reaudit_round3/batches/batch_018.csv,1,26,0001002388_2006_4,7
batch_018,/Users/nmduk/PROJECTS/A:B:C Classifier/outputs/issue_reaudit_round3/batches/batch_018.csv,2,27,0001002388_2006_4,8
batch_018,/Users/nmduk/PROJECTS/A:B:C Classifier/outputs/issue_reaudit_round3/batches/batch_018.csv,3,28,0001002388_2006_4,9
batch_018,/Users/nmduk/PROJECTS/A:B:C Classifier/outputs/issue_reaudit_round3/batches/batch_018.csv,4,30,0001002388_2006_4,13
batch_018,/Users/nmduk/PROJECTS/A:B:C Classifier/outputs/issue_reaudit_round3/batches/batch_018.csv,5,31,0001002388_2006_4,14
batch_018,/Users/nmduk/PROJECTS/A:B:C Classifier/outputs/issue_reaudit_round3/batches/batch_018.csv,6,32,0001002388_2006_4,15
batch_018,/Users/nmduk/PROJECTS/A:B:C Classifier/outputs/issue_reaudit_round3/batches/batch_018.csv,7,33,0001002388_2006_4,16
batch_018,/Users/nmduk/PROJECTS/A:B:C Classifier/outputs/issue_reaudit_round3/batches/batch_018.csv,8,34,0001002388_2006_4,17
batch_018,/Users/nmduk/PROJECTS/A:B:C Classifier/outputs/issue_reaudit_round3/batches/batch_018.csv,9,35,0001002388_2006_4,18
batch_018,/Users/nmduk/PROJECTS/A:B:C Classifier/outputs/issue_reaudit_round3/batches/batch_018.csv,10,36,0001002388_2006_4,19
batch_018,/Users/nmduk/PROJECTS/A:B:C Classifier/outputs/issue_reaudit_round3/batches/batch_018.csv,11,37,0001002388_2006_4,20
batch_018,/Users/nmduk/PROJECTS/A:B:C Classifier/outputs/issue_reaudit_round3/batches/batch_018.csv,12,39,0001002388_2006_4,22
batch_018,/Users/nmduk/PROJECTS/A:B:C Classifier/outputs/issue_reaudit_round3/batches/batch_018.csv,13,40,0001002388_2006_4,23
batch_018,/Users/nmduk/PROJECTS/A:B:C Classifier/outputs/issue_reaudit_round3/batches/batch_018.csv,14,41,0001002388_2006_4,24
batch_018,/Users/nmduk/PROJECTS/A:B:C Classifier/outputs/issue_reaudit_round3/batches/batch_018.csv,15,42,0001002388_2006_4,25
batch_018,/Users/nmduk/PROJECTS/A:B:C Classifier/outputs/issue_reaudit_round3/batches/batch_018.csv,16,292,0001003111_2006_4,7
batch_018,/Users/nmduk/PROJECTS/A:B:C Classifier/outputs/issue_reaudit_round3/batches/batch_018.csv,17,294,0001003111_2006_4,9
batch_019,/Users/nmduk/PROJECTS/A:B:C Classifier/outputs/issue_reaudit_round3/batches/batch_019.csv,1,401,0001014739_2005_4,11
batch_019,/Users/nmduk/PROJECTS/A:B:C Classifier/outputs/issue_reaudit_round3/batches/batch_019.csv,2,402,0001014739_2005_4,13
batch_019,/Users/nmduk/PROJECTS/A:B:C Classifier/outputs/issue_reaudit_round3/batches/batch_019.csv,3,403,0001014739_2005_4,14
batch_019,/Users/nmduk/PROJECTS/A:B:C Classifier/outputs/issue_reaudit_round3/batches/batch_019.csv,4,404,0001014739_2005_4,15
batch_019,/Users/nmduk/PROJECTS/A:B:C Classifier/outputs/issue_reaudit_round3/batches/batch_019.csv,5,405,0001014739_2005_4,17
batch_019,/Users/nmduk/PROJECTS/A:B:C Classifier/outputs/issue_reaudit_round3/batches/batch_019.csv,6,406,0001014739_2005_4,18
batch_019,/Users/nmduk/PROJECTS/A:B:C Classifier/outputs/issue_reaudit_round3/batches/batch_019.csv,7,407,0001014739_2005_4,19
batch_019,/Users/nmduk/PROJECTS/A:B:C Classifier/outputs/issue_reaudit_round3/batches/batch_019.csv,8,408,0001014739_2005_4,20
batch_019,/Users/nmduk/PROJECTS/A:B:C Classifier/outputs/issue_reaudit_round3/batches/batch_019.csv,9,409,0001014739_2005_4,21
batch_019,/Users/nmduk/PROJECTS/A:B:C Classifier/outputs/issue_reaudit_round3/batches/batch_019.csv,10,410,0001014739_2005_4,22
batch_019,/Users/nmduk/PROJECTS/A:B:C Classifier/outputs/issue_reaudit_round3/batches/batch_019.csv,11,411,0001014739_2005_4,23
batch_019,/Users/nmduk/PROJECTS/A:B:C Classifier/outputs/issue_reaudit_round3/batches/batch_019.csv,12,412,0001014739_2005_4,24
batch_019,/Users/nmduk/PROJECTS/A:B:C Classifier/outputs/issue_reaudit_round3/batches/batch_019.csv,13,413,0001014739_2005_4,25
batch_019,/Users/nmduk/PROJECTS/A:B:C Classifier/outputs/issue_reaudit_round3/batches/batch_019.csv,14,414,0001014739_2005_4,26
batch_019,/Users/nmduk/PROJECTS/A:B:C Classifier/outputs/issue_reaudit_round3/batches/batch_019.csv,15,419,0001014739_2005_4,32
batch_019,/Users/nmduk/PROJECTS/A:B:C Classifier/outputs/issue_reaudit_round3/batches/batch_019.csv,16,432,0001014739_2005_4,45
batch_019,/Users/nmduk/PROJECTS/A:B:C Classifier/outputs/issue_reaudit_round3/batches/batch_019.csv,17,435,0001014739_2005_4,48
batch_019,/Users/nmduk/PROJECTS/A:B:C Classifier/outputs/issue_reaudit_round3/batches/batch_019.csv,18,443,0001014739_2005_4,56
batch_019,/Users/nmduk/PROJECTS/A:B:C Classifier/outputs/issue_reaudit_round3/batches/batch_019.csv,19,447,0001014739_2005_4,60
batch_019,/Users/nmduk/PROJECTS/A:B:C Classifier/outputs/issue_reaudit_round3/batches/batch_019.csv,20,448,0001014739_2005_4,61
batch_020,/Users/nmduk/PROJECTS/A:B:C Classifier/outputs/issue_reaudit_round3/batches/batch_020.csv,1,209,0001036968_2006_4,5
batch_020,/Users/nmduk/PROJECTS/A:B:C Classifier/outputs/issue_reaudit_round3/batches/batch_020.csv,2,210,0001036968_2006_4,10
batch_020,/Users/nmduk/PROJECTS/A:B:C Classifier/outputs/issue_reaudit_round3/batches/batch_020.csv,3,211,0001036968_2006_4,11
batch_020,/Users/nmduk/PROJECTS/A:B:C Classifier/outputs/issue_reaudit_round3/batches/batch_020.csv,4,212,0001036968_2006_4,13
batch_020,/Users/nmduk/PROJECTS/A:B:C Classifier/outputs/issue_reaudit_round3/batches/batch_020.csv,5,213,0001036968_2006_4,14
batch_020,/Users/nmduk/PROJECTS/A:B:C Classifier/outputs/issue_reaudit_round3/batches/batch_020.csv,6,214,0001036968_2006_4,15
batch_020,/Users/nmduk/PROJECTS/A:B:C Classifier/outputs/issue_reaudit_round3/batches/batch_020.csv,7,215,0001036968_2006_4,16
batch_020,/Users/nmduk/PROJECTS/A:B:C Classifier/outputs/issue_reaudit_round3/batches/batch_020.csv,8,216,0001036968_2006_4,17
batch_020,/Users/nmduk/PROJECTS/A:B:C Classifier/outputs/issue_reaudit_round3/batches/batch_020.csv,9,217,0001036968_2006_4,18
batch_020,/Users/nmduk/PROJECTS/A:B:C Classifier/outputs/issue_reaudit_round3/batches/batch_020.csv,10,218,0001036968_2006_4,19
batch_020,/Users/nmduk/PROJECTS/A:B:C Classifier/outputs/issue_reaudit_round3/batches/batch_020.csv,11,219,0001036968_2006_4,20
batch_020,/Users/nmduk/PROJECTS/A:B:C Classifier/outputs/issue_reaudit_round3/batches/batch_020.csv,12,220,0001036968_2006_4,21
batch_020,/Users/nmduk/PROJECTS/A:B:C Classifier/outputs/issue_reaudit_round3/batches/batch_020.csv,13,221,0001036968_2006_4,22
batch_020,/Users/nmduk/PROJECTS/A:B:C Classifier/outputs/issue_reaudit_round3/batches/batch_020.csv,14,222,0001036968_2006_4,23
batch_020,/Users/nmduk/PROJECTS/A:B:C Classifier/outputs/issue_reaudit_round3/batches/batch_020.csv,15,223,0001036968_2006_4,24
batch_020,/Users/nmduk/PROJECTS/A:B:C Classifier/outputs/issue_reaudit_round3/batches/batch_020.csv,16,224,0001036968_2006_4,25
batch_020,/Users/nmduk/PROJECTS/A:B:C Classifier/outputs/issue_reaudit_round3/batches/batch_020.csv,17,225,0001036968_2006_4,26
batch_020,/Users/nmduk/PROJECTS/A:B:C Classifier/outputs/issue_reaudit_round3/batches/batch_020.csv,18,227,0001036968_2006_4,28
batch_020,/Users/nmduk/PROJECTS/A:B:C Classifier/outputs/issue_reaudit_round3/batches/batch_020.csv,19,228,0001036968_2006_4,29
batch_020,/Users/nmduk/PROJECTS/A:B:C Classifier/outputs/issue_reaudit_round3/batches/batch_020.csv,20,229,0001036968_2006_4,30
batch_020,/Users/nmduk/PROJECTS/A:B:C Classifier/outputs/issue_reaudit_round3/batches/batch_020.csv,21,230,0001036968_2006_4,31
batch_020,/Users/nmduk/PROJECTS/A:B:C Classifier/outputs/issue_reaudit_round3/batches/batch_020.csv,22,231,0001036968_2006_4,32
batch_020,/Users/nmduk/PROJECTS/A:B:C Classifier/outputs/issue_reaudit_round3/batches/batch_020.csv,23,232,0001036968_2006_4,33
batch_020,/Users/nmduk/PROJECTS/A:B:C Classifier/outputs/issue_reaudit_round3/batches/batch_020.csv,24,233,0001036968_2006_4,34
batch_020,/Users/nmduk/PROJECTS/A:B:C Classifier/outputs/issue_reaudit_round3/batches/batch_020.csv,25,234,0001036968_2006_4,35
batch_021,/Users/nmduk/PROJECTS/A:B:C Classifier/outputs/issue_reaudit_round3/batches/batch_021.csv,1,235,0001036968_2006_4,36
batch_021,/Users/nmduk/PROJECTS/A:B:C Classifier/outputs/issue_reaudit_round3/batches/batch_021.csv,2,236,0001036968_2006_4,37
batch_021,/Users/nmduk/PROJECTS/A:B:C Classifier/outputs/issue_reaudit_round3/batches/batch_021.csv,3,237,0001036968_2006_4,38
batch_021,/Users/nmduk/PROJECTS/A:B:C Classifier/outputs/issue_reaudit_round3/batches/batch_021.csv,4,238,0001036968_2006_4,39
batch_021,/Users/nmduk/PROJECTS/A:B:C Classifier/outputs/issue_reaudit_round3/batches/batch_021.csv,5,239,0001036968_2006_4,40
batch_022,/Users/nmduk/PROJECTS/A:B:C Classifier/outputs/issue_reaudit_round3/batches/batch_022.csv,1,981,0001040570_2007_4,14
batch_022,/Users/nmduk/PROJECTS/A:B:C Classifier/outputs/issue_reaudit_round3/batches/batch_022.csv,2,90,0001050446_2014_4,11
batch_022,/Users/nmduk/PROJECTS/A:B:C Classifier/outputs/issue_reaudit_round3/batches/batch_022.csv,3,91,0001050446_2014_4,12
batch_022,/Users/nmduk/PROJECTS/A:B:C Classifier/outputs/issue_reaudit_round3/batches/batch_022.csv,4,92,0001050446_2014_4,13
batch_022,/Users/nmduk/PROJECTS/A:B:C Classifier/outputs/issue_reaudit_round3/batches/batch_022.csv,5,1221,0001056794_2007_4,11
batch_022,/Users/nmduk/PROJECTS/A:B:C Classifier/outputs/issue_reaudit_round3/batches/batch_022.csv,6,878,0001069899_2020_4,8
batch_022,/Users/nmduk/PROJECTS/A:B:C Classifier/outputs/issue_reaudit_round3/batches/batch_022.csv,7,879,0001069899_2020_4,9
batch_022,/Users/nmduk/PROJECTS/A:B:C Classifier/outputs/issue_reaudit_round3/batches/batch_022.csv,8,880,0001069899_2020_4,12
batch_022,/Users/nmduk/PROJECTS/A:B:C Classifier/outputs/issue_reaudit_round3/batches/batch_022.csv,9,881,0001069899_2020_4,13
batch_022,/Users/nmduk/PROJECTS/A:B:C Classifier/outputs/issue_reaudit_round3/batches/batch_022.csv,10,882,0001069899_2020_4,14
batch_022,/Users/nmduk/PROJECTS/A:B:C Classifier/outputs/issue_reaudit_round3/batches/batch_022.csv,11,883,0001069899_2020_4,15
batch_022,/Users/nmduk/PROJECTS/A:B:C Classifier/outputs/issue_reaudit_round3/batches/batch_022.csv,12,885,0001069899_2020_4,19
batch_022,/Users/nmduk/PROJECTS/A:B:C Classifier/outputs/issue_reaudit_round3/batches/batch_022.csv,13,476,0001076784_2008_4,14
batch_022,/Users/nmduk/PROJECTS/A:B:C Classifier/outputs/issue_reaudit_round3/batches/batch_022.csv,14,477,0001076784_2008_4,15
batch_022,/Users/nmduk/PROJECTS/A:B:C Classifier/outputs/issue_reaudit_round3/batches/batch_022.csv,15,478,0001076784_2008_4,16
batch_022,/Users/nmduk/PROJECTS/A:B:C Classifier/outputs/issue_reaudit_round3/batches/batch_022.csv,16,1224,0001087934_2014_4,9
batch_022,/Users/nmduk/PROJECTS/A:B:C Classifier/outputs/issue_reaudit_round3/batches/batch_022.csv,17,1225,0001087934_2014_4,10
batch_022,/Users/nmduk/PROJECTS/A:B:C Classifier/outputs/issue_reaudit_round3/batches/batch_022.csv,18,1226,0001087934_2014_4,12
batch_022,/Users/nmduk/PROJECTS/A:B:C Classifier/outputs/issue_reaudit_round3/batches/batch_022.csv,19,984,0001100682_2012_4,7
batch_023,/Users/nmduk/PROJECTS/A:B:C Classifier/outputs/issue_reaudit_round3/batches/batch_023.csv,1,1017,0001129633_2015_4,9
batch_023,/Users/nmduk/PROJECTS/A:B:C Classifier/outputs/issue_reaudit_round3/batches/batch_023.csv,2,1019,0001129633_2015_4,12
batch_023,/Users/nmduk/PROJECTS/A:B:C Classifier/outputs/issue_reaudit_round3/batches/batch_023.csv,3,1020,0001129633_2015_4,14
batch_023,/Users/nmduk/PROJECTS/A:B:C Classifier/outputs/issue_reaudit_round3/batches/batch_023.csv,4,1021,0001129633_2015_4,19
batch_023,/Users/nmduk/PROJECTS/A:B:C Classifier/outputs/issue_reaudit_round3/batches/batch_023.csv,5,1023,0001129633_2015_4,22
batch_023,/Users/nmduk/PROJECTS/A:B:C Classifier/outputs/issue_reaudit_round3/batches/batch_023.csv,6,1027,0001129633_2015_4,28
batch_023,/Users/nmduk/PROJECTS/A:B:C Classifier/outputs/issue_reaudit_round3/batches/batch_023.csv,7,1032,0001129633_2015_4,33
batch_023,/Users/nmduk/PROJECTS/A:B:C Classifier/outputs/issue_reaudit_round3/batches/batch_023.csv,8,1038,0001129633_2015_4,40
batch_023,/Users/nmduk/PROJECTS/A:B:C Classifier/outputs/issue_reaudit_round3/batches/batch_023.csv,9,1043,0001129633_2015_4,45
batch_023,/Users/nmduk/PROJECTS/A:B:C Classifier/outputs/issue_reaudit_round3/batches/batch_023.csv,10,1049,0001129633_2015_4,51
batch_023,/Users/nmduk/PROJECTS/A:B:C Classifier/outputs/issue_reaudit_round3/batches/batch_023.csv,11,1054,0001129633_2015_4,56
batch_023,/Users/nmduk/PROJECTS/A:B:C Classifier/outputs/issue_reaudit_round3/batches/batch_023.csv,12,1058,0001129633_2015_4,60
batch_023,/Users/nmduk/PROJECTS/A:B:C Classifier/outputs/issue_reaudit_round3/batches/batch_023.csv,13,1063,0001129633_2015_4,65
batch_023,/Users/nmduk/PROJECTS/A:B:C Classifier/outputs/issue_reaudit_round3/batches/batch_023.csv,14,1068,0001129633_2015_4,70
batch_023,/Users/nmduk/PROJECTS/A:B:C Classifier/outputs/issue_reaudit_round3/batches/batch_023.csv,15,1072,0001129633_2015_4,74
batch_023,/Users/nmduk/PROJECTS/A:B:C Classifier/outputs/issue_reaudit_round3/batches/batch_023.csv,16,1076,0001129633_2015_4,78
batch_023,/Users/nmduk/PROJECTS/A:B:C Classifier/outputs/issue_reaudit_round3/batches/batch_023.csv,17,1080,0001129633_2015_4,82
batch_023,/Users/nmduk/PROJECTS/A:B:C Classifier/outputs/issue_reaudit_round3/batches/batch_023.csv,18,1085,0001129633_2015_4,87
batch_023,/Users/nmduk/PROJECTS/A:B:C Classifier/outputs/issue_reaudit_round3/batches/batch_023.csv,19,1116,0001129633_2015_4,119
batch_023,/Users/nmduk/PROJECTS/A:B:C Classifier/outputs/issue_reaudit_round3/batches/batch_023.csv,20,242,0001137861_2006_4,4
batch_023,/Users/nmduk/PROJECTS/A:B:C Classifier/outputs/issue_reaudit_round3/batches/batch_023.csv,21,244,0001137861_2006_4,6
batch_023,/Users/nmduk/PROJECTS/A:B:C Classifier/outputs/issue_reaudit_round3/batches/batch_023.csv,22,245,0001137861_2006_4,7
batch_023,/Users/nmduk/PROJECTS/A:B:C Classifier/outputs/issue_reaudit_round3/batches/batch_023.csv,23,246,0001137861_2006_4,8
batch_023,/Users/nmduk/PROJECTS/A:B:C Classifier/outputs/issue_reaudit_round3/batches/batch_023.csv,24,247,0001137861_2006_4,11
batch_024,/Users/nmduk/PROJECTS/A:B:C Classifier/outputs/issue_reaudit_round3/batches/batch_024.csv,1,524,0001140098_2013_4,10
batch_024,/Users/nmduk/PROJECTS/A:B:C Classifier/outputs/issue_reaudit_round3/batches/batch_024.csv,2,525,0001140098_2013_4,11
batch_024,/Users/nmduk/PROJECTS/A:B:C Classifier/outputs/issue_reaudit_round3/batches/batch_024.csv,3,526,0001140098_2013_4,14
batch_024,/Users/nmduk/PROJECTS/A:B:C Classifier/outputs/issue_reaudit_round3/batches/batch_024.csv,4,529,0001140098_2013_4,19
batch_024,/Users/nmduk/PROJECTS/A:B:C Classifier/outputs/issue_reaudit_round3/batches/batch_024.csv,5,533,0001140098_2013_4,23
batch_024,/Users/nmduk/PROJECTS/A:B:C Classifier/outputs/issue_reaudit_round3/batches/batch_024.csv,6,534,0001140098_2013_4,24
batch_024,/Users/nmduk/PROJECTS/A:B:C Classifier/outputs/issue_reaudit_round3/batches/batch_024.csv,7,536,0001140098_2013_4,26
batch_024,/Users/nmduk/PROJECTS/A:B:C Classifier/outputs/issue_reaudit_round3/batches/batch_024.csv,8,458,0001144519_2007_4,6
batch_024,/Users/nmduk/PROJECTS/A:B:C Classifier/outputs/issue_reaudit_round3/batches/batch_024.csv,9,460,0001144519_2007_4,9
batch_024,/Users/nmduk/PROJECTS/A:B:C Classifier/outputs/issue_reaudit_round3/batches/batch_024.csv,10,463,0001144519_2007_4,14
batch_024,/Users/nmduk/PROJECTS/A:B:C Classifier/outputs/issue_reaudit_round3/batches/batch_024.csv,11,464,0001144519_2007_4,15
batch_024,/Users/nmduk/PROJECTS/A:B:C Classifier/outputs/issue_reaudit_round3/batches/batch_024.csv,12,465,0001144519_2007_4,16
batch_024,/Users/nmduk/PROJECTS/A:B:C Classifier/outputs/issue_reaudit_round3/batches/batch_024.csv,13,466,0001144519_2007_4,17
batch_024,/Users/nmduk/PROJECTS/A:B:C Classifier/outputs/issue_reaudit_round3/batches/batch_024.csv,14,868,0001159281_2014_4,6
batch_024,/Users/nmduk/PROJECTS/A:B:C Classifier/outputs/issue_reaudit_round3/batches/batch_024.csv,15,733,0001161963_2005_4,7
batch_024,/Users/nmduk/PROJECTS/A:B:C Classifier/outputs/issue_reaudit_round3/batches/batch_024.csv,16,734,0001161963_2005_4,9
batch_024,/Users/nmduk/PROJECTS/A:B:C Classifier/outputs/issue_reaudit_round3/batches/batch_024.csv,17,735,0001161963_2005_4,10
batch_024,/Users/nmduk/PROJECTS/A:B:C Classifier/outputs/issue_reaudit_round3/batches/batch_024.csv,18,755,0001181232_2006_4,12
batch_024,/Users/nmduk/PROJECTS/A:B:C Classifier/outputs/issue_reaudit_round3/batches/batch_024.csv,19,952,0001227654_2024_4,10
batch_024,/Users/nmduk/PROJECTS/A:B:C Classifier/outputs/issue_reaudit_round3/batches/batch_024.csv,20,953,0001227654_2024_4,11
batch_024,/Users/nmduk/PROJECTS/A:B:C Classifier/outputs/issue_reaudit_round3/batches/batch_024.csv,21,954,0001227654_2024_4,12
batch_024,/Users/nmduk/PROJECTS/A:B:C Classifier/outputs/issue_reaudit_round3/batches/batch_024.csv,22,955,0001227654_2024_4,13
batch_025,/Users/nmduk/PROJECTS/A:B:C Classifier/outputs/issue_reaudit_round3/batches/batch_025.csv,1,562,0001285224_2010_4,12
batch_025,/Users/nmduk/PROJECTS/A:B:C Classifier/outputs/issue_reaudit_round3/batches/batch_025.csv,2,566,0001285224_2010_4,16
batch_025,/Users/nmduk/PROJECTS/A:B:C Classifier/outputs/issue_reaudit_round3/batches/batch_025.csv,3,567,0001285224_2010_4,17
batch_025,/Users/nmduk/PROJECTS/A:B:C Classifier/outputs/issue_reaudit_round3/batches/batch_025.csv,4,569,0001285224_2010_4,19
batch_025,/Users/nmduk/PROJECTS/A:B:C Classifier/outputs/issue_reaudit_round3/batches/batch_025.csv,5,570,0001285224_2010_4,20
batch_025,/Users/nmduk/PROJECTS/A:B:C Classifier/outputs/issue_reaudit_round3/batches/batch_025.csv,6,571,0001285224_2010_4,21
batch_025,/Users/nmduk/PROJECTS/A:B:C Classifier/outputs/issue_reaudit_round3/batches/batch_025.csv,7,572,0001285224_2010_4,22
batch_025,/Users/nmduk/PROJECTS/A:B:C Classifier/outputs/issue_reaudit_round3/batches/batch_025.csv,8,574,0001285224_2010_4,24
batch_025,/Users/nmduk/PROJECTS/A:B:C Classifier/outputs/issue_reaudit_round3/batches/batch_025.csv,9,582,0001285224_2010_4,35
batch_025,/Users/nmduk/PROJECTS/A:B:C Classifier/outputs/issue_reaudit_round3/batches/batch_025.csv,10,317,0001289945_2007_4,3
batch_025,/Users/nmduk/PROJECTS/A:B:C Classifier/outputs/issue_reaudit_round3/batches/batch_025.csv,11,319,0001289945_2007_4,6
batch_025,/Users/nmduk/PROJECTS/A:B:C Classifier/outputs/issue_reaudit_round3/batches/batch_025.csv,12,320,0001289945_2007_4,7
batch_025,/Users/nmduk/PROJECTS/A:B:C Classifier/outputs/issue_reaudit_round3/batches/batch_025.csv,13,321,0001289945_2007_4,8
batch_025,/Users/nmduk/PROJECTS/A:B:C Classifier/outputs/issue_reaudit_round3/batches/batch_025.csv,14,1281,0001296205_2016_4,5
batch_025,/Users/nmduk/PROJECTS/A:B:C Classifier/outputs/issue_reaudit_round3/batches/batch_025.csv,15,1282,0001296205_2016_4,7
batch_025,/Users/nmduk/PROJECTS/A:B:C Classifier/outputs/issue_reaudit_round3/batches/batch_025.csv,16,1283,0001296205_2016_4,8
batch_025,/Users/nmduk/PROJECTS/A:B:C Classifier/outputs/issue_reaudit_round3/batches/batch_025.csv,17,1284,0001296205_2016_4,10
batch_026,/Users/nmduk/PROJECTS/A:B:C Classifier/outputs/issue_reaudit_round3/batches/batch_026.csv,1,498,0001311241_2015_4,6
batch_026,/Users/nmduk/PROJECTS/A:B:C Classifier/outputs/issue_reaudit_round3/batches/batch_026.csv,2,499,0001311241_2015_4,7
batch_026,/Users/nmduk/PROJECTS/A:B:C Classifier/outputs/issue_reaudit_round3/batches/batch_026.csv,3,500,0001311241_2015_4,8
batch_026,/Users/nmduk/PROJECTS/A:B:C Classifier/outputs/issue_reaudit_round3/batches/batch_026.csv,4,501,0001311241_2015_4,9
batch_026,/Users/nmduk/PROJECTS/A:B:C Classifier/outputs/issue_reaudit_round3/batches/batch_026.csv,5,502,0001311241_2015_4,10
batch_026,/Users/nmduk/PROJECTS/A:B:C Classifier/outputs/issue_reaudit_round3/batches/batch_026.csv,6,503,0001311241_2015_4,11
batch_026,/Users/nmduk/PROJECTS/A:B:C Classifier/outputs/issue_reaudit_round3/batches/batch_026.csv,7,504,0001311241_2015_4,12
batch_026,/Users/nmduk/PROJECTS/A:B:C Classifier/outputs/issue_reaudit_round3/batches/batch_026.csv,8,505,0001311241_2015_4,13
batch_026,/Users/nmduk/PROJECTS/A:B:C Classifier/outputs/issue_reaudit_round3/batches/batch_026.csv,9,509,0001311241_2015_4,19
batch_026,/Users/nmduk/PROJECTS/A:B:C Classifier/outputs/issue_reaudit_round3/batches/batch_026.csv,10,510,0001311241_2015_4,20
batch_026,/Users/nmduk/PROJECTS/A:B:C Classifier/outputs/issue_reaudit_round3/batches/batch_026.csv,11,511,0001311241_2015_4,21
batch_026,/Users/nmduk/PROJECTS/A:B:C Classifier/outputs/issue_reaudit_round3/batches/batch_026.csv,12,512,0001311241_2015_4,22
batch_026,/Users/nmduk/PROJECTS/A:B:C Classifier/outputs/issue_reaudit_round3/batches/batch_026.csv,13,513,0001311241_2015_4,23
batch_026,/Users/nmduk/PROJECTS/A:B:C Classifier/outputs/issue_reaudit_round3/batches/batch_026.csv,14,1292,0001326380_2019_4,9
batch_026,/Users/nmduk/PROJECTS/A:B:C Classifier/outputs/issue_reaudit_round3/batches/batch_026.csv,15,1294,0001326380_2019_4,11
batch_026,/Users/nmduk/PROJECTS/A:B:C Classifier/outputs/issue_reaudit_round3/batches/batch_026.csv,16,1295,0001326380_2019_4,12
batch_026,/Users/nmduk/PROJECTS/A:B:C Classifier/outputs/issue_reaudit_round3/batches/batch_026.csv,17,757,0001344632_2007_4,10
batch_026,/Users/nmduk/PROJECTS/A:B:C Classifier/outputs/issue_reaudit_round3/batches/batch_026.csv,18,758,0001344632_2007_4,11
batch_026,/Users/nmduk/PROJECTS/A:B:C Classifier/outputs/issue_reaudit_round3/batches/batch_026.csv,19,760,0001344632_2007_4,13
batch_026,/Users/nmduk/PROJECTS/A:B:C Classifier/outputs/issue_reaudit_round3/batches/batch_026.csv,20,189,0001356576_2022_4,9
batch_026,/Users/nmduk/PROJECTS/A:B:C Classifier/outputs/issue_reaudit_round3/batches/batch_026.csv,21,190,0001356576_2022_4,11
batch_027,/Users/nmduk/PROJECTS/A:B:C Classifier/outputs/issue_reaudit_round3/batches/batch_027.csv,1,1554,0001376339_2019_4,10
batch_027,/Users/nmduk/PROJECTS/A:B:C Classifier/outputs/issue_reaudit_round3/batches/batch_027.csv,2,1555,0001376339_2019_4,11
batch_027,/Users/nmduk/PROJECTS/A:B:C Classifier/outputs/issue_reaudit_round3/batches/batch_027.csv,3,1558,0001376339_2019_4,16
batch_027,/Users/nmduk/PROJECTS/A:B:C Classifier/outputs/issue_reaudit_round3/batches/batch_027.csv,4,1559,0001376339_2019_4,17
batch_027,/Users/nmduk/PROJECTS/A:B:C Classifier/outputs/issue_reaudit_round3/batches/batch_027.csv,5,1560,0001376339_2019_4,18
batch_027,/Users/nmduk/PROJECTS/A:B:C Classifier/outputs/issue_reaudit_round3/batches/batch_027.csv,6,1562,0001376339_2019_4,20
batch_027,/Users/nmduk/PROJECTS/A:B:C Classifier/outputs/issue_reaudit_round3/batches/batch_027.csv,7,1563,0001376339_2019_4,21
batch_027,/Users/nmduk/PROJECTS/A:B:C Classifier/outputs/issue_reaudit_round3/batches/batch_027.csv,8,1564,0001376339_2019_4,22
batch_027,/Users/nmduk/PROJECTS/A:B:C Classifier/outputs/issue_reaudit_round3/batches/batch_027.csv,9,1565,0001376339_2019_4,23
batch_027,/Users/nmduk/PROJECTS/A:B:C Classifier/outputs/issue_reaudit_round3/batches/batch_027.csv,10,1566,0001376339_2019_4,24
batch_027,/Users/nmduk/PROJECTS/A:B:C Classifier/outputs/issue_reaudit_round3/batches/batch_027.csv,11,1567,0001376339_2019_4,25
batch_027,/Users/nmduk/PROJECTS/A:B:C Classifier/outputs/issue_reaudit_round3/batches/batch_027.csv,12,1568,0001376339_2019_4,26
batch_027,/Users/nmduk/PROJECTS/A:B:C Classifier/outputs/issue_reaudit_round3/batches/batch_027.csv,13,1569,0001376339_2019_4,28
batch_027,/Users/nmduk/PROJECTS/A:B:C Classifier/outputs/issue_reaudit_round3/batches/batch_027.csv,14,1570,0001376339_2019_4,29
batch_027,/Users/nmduk/PROJECTS/A:B:C Classifier/outputs/issue_reaudit_round3/batches/batch_027.csv,15,1571,0001376339_2019_4,30
batch_027,/Users/nmduk/PROJECTS/A:B:C Classifier/outputs/issue_reaudit_round3/batches/batch_027.csv,16,1599,0001376339_2019_4,69
batch_027,/Users/nmduk/PROJECTS/A:B:C Classifier/outputs/issue_reaudit_round3/batches/batch_027.csv,17,1613,0001376339_2019_4,83
batch_027,/Users/nmduk/PROJECTS/A:B:C Classifier/outputs/issue_reaudit_round3/batches/batch_027.csv,18,1619,0001376339_2019_4,89
batch_028,/Users/nmduk/PROJECTS/A:B:C Classifier/outputs/issue_reaudit_round3/batches/batch_028.csv,1,116,0001376339_2020_4,9
batch_028,/Users/nmduk/PROJECTS/A:B:C Classifier/outputs/issue_reaudit_round3/batches/batch_028.csv,2,120,0001376339_2020_4,14
batch_028,/Users/nmduk/PROJECTS/A:B:C Classifier/outputs/issue_reaudit_round3/batches/batch_028.csv,3,122,0001376339_2020_4,16
batch_028,/Users/nmduk/PROJECTS/A:B:C Classifier/outputs/issue_reaudit_round3/batches/batch_028.csv,4,123,0001376339_2020_4,17
batch_028,/Users/nmduk/PROJECTS/A:B:C Classifier/outputs/issue_reaudit_round3/batches/batch_028.csv,5,124,0001376339_2020_4,18
batch_028,/Users/nmduk/PROJECTS/A:B:C Classifier/outputs/issue_reaudit_round3/batches/batch_028.csv,6,125,0001376339_2020_4,20
batch_028,/Users/nmduk/PROJECTS/A:B:C Classifier/outputs/issue_reaudit_round3/batches/batch_028.csv,7,126,0001376339_2020_4,21
batch_028,/Users/nmduk/PROJECTS/A:B:C Classifier/outputs/issue_reaudit_round3/batches/batch_028.csv,8,127,0001376339_2020_4,22
batch_028,/Users/nmduk/PROJECTS/A:B:C Classifier/outputs/issue_reaudit_round3/batches/batch_028.csv,9,128,0001376339_2020_4,23
batch_028,/Users/nmduk/PROJECTS/A:B:C Classifier/outputs/issue_reaudit_round3/batches/batch_028.csv,10,129,0001376339_2020_4,24
batch_028,/Users/nmduk/PROJECTS/A:B:C Classifier/outputs/issue_reaudit_round3/batches/batch_028.csv,11,134,0001376339_2020_4,31
batch_028,/Users/nmduk/PROJECTS/A:B:C Classifier/outputs/issue_reaudit_round3/batches/batch_028.csv,12,135,0001376339_2020_4,32
batch_028,/Users/nmduk/PROJECTS/A:B:C Classifier/outputs/issue_reaudit_round3/batches/batch_028.csv,13,73,0001384135_2011_4,10
batch_028,/Users/nmduk/PROJECTS/A:B:C Classifier/outputs/issue_reaudit_round3/batches/batch_028.csv,14,74,0001384135_2011_4,13
batch_028,/Users/nmduk/PROJECTS/A:B:C Classifier/outputs/issue_reaudit_round3/batches/batch_028.csv,15,1634,0001395942_2022_4,13
batch_028,/Users/nmduk/PROJECTS/A:B:C Classifier/outputs/issue_reaudit_round3/batches/batch_028.csv,16,1635,0001395942_2022_4,14
batch_028,/Users/nmduk/PROJECTS/A:B:C Classifier/outputs/issue_reaudit_round3/batches/batch_028.csv,17,179,0001401257_2017_4,4
batch_028,/Users/nmduk/PROJECTS/A:B:C Classifier/outputs/issue_reaudit_round3/batches/batch_028.csv,18,180,0001401257_2017_4,6
batch_028,/Users/nmduk/PROJECTS/A:B:C Classifier/outputs/issue_reaudit_round3/batches/batch_028.csv,19,181,0001401257_2017_4,7
batch_028,/Users/nmduk/PROJECTS/A:B:C Classifier/outputs/issue_reaudit_round3/batches/batch_028.csv,20,946,0001435508_2023_4,8
batch_028,/Users/nmduk/PROJECTS/A:B:C Classifier/outputs/issue_reaudit_round3/batches/batch_028.csv,21,947,0001435508_2023_4,12
batch_028,/Users/nmduk/PROJECTS/A:B:C Classifier/outputs/issue_reaudit_round3/batches/batch_028.csv,22,948,0001435508_2023_4,13
batch_028,/Users/nmduk/PROJECTS/A:B:C Classifier/outputs/issue_reaudit_round3/batches/batch_028.csv,23,949,0001435508_2023_4,14
batch_029,/Users/nmduk/PROJECTS/A:B:C Classifier/outputs/issue_reaudit_round3/batches/batch_029.csv,1,773,0001472595_2014_4,8
batch_029,/Users/nmduk/PROJECTS/A:B:C Classifier/outputs/issue_reaudit_round3/batches/batch_029.csv,2,774,0001472595_2014_4,9
batch_029,/Users/nmduk/PROJECTS/A:B:C Classifier/outputs/issue_reaudit_round3/batches/batch_029.csv,3,775,0001472595_2014_4,10
batch_029,/Users/nmduk/PROJECTS/A:B:C Classifier/outputs/issue_reaudit_round3/batches/batch_029.csv,4,777,0001472595_2014_4,16
batch_029,/Users/nmduk/PROJECTS/A:B:C Classifier/outputs/issue_reaudit_round3/batches/batch_029.csv,5,4,0001478454_2019_4,9
batch_029,/Users/nmduk/PROJECTS/A:B:C Classifier/outputs/issue_reaudit_round3/batches/batch_029.csv,6,5,0001478454_2019_4,10
batch_029,/Users/nmduk/PROJECTS/A:B:C Classifier/outputs/issue_reaudit_round3/batches/batch_029.csv,7,917,0001494259_2022_4,8
batch_029,/Users/nmduk/PROJECTS/A:B:C Classifier/outputs/issue_reaudit_round3/batches/batch_029.csv,8,919,0001494259_2022_4,10
batch_029,/Users/nmduk/PROJECTS/A:B:C Classifier/outputs/issue_reaudit_round3/batches/batch_029.csv,9,920,0001494259_2022_4,11
batch_029,/Users/nmduk/PROJECTS/A:B:C Classifier/outputs/issue_reaudit_round3/batches/batch_029.csv,10,921,0001494259_2022_4,12
batch_029,/Users/nmduk/PROJECTS/A:B:C Classifier/outputs/issue_reaudit_round3/batches/batch_029.csv,11,922,0001494259_2022_4,13
batch_029,/Users/nmduk/PROJECTS/A:B:C Classifier/outputs/issue_reaudit_round3/batches/batch_029.csv,12,923,0001494259_2022_4,14
batch_029,/Users/nmduk/PROJECTS/A:B:C Classifier/outputs/issue_reaudit_round3/batches/batch_029.csv,13,924,0001494259_2022_4,15
batch_029,/Users/nmduk/PROJECTS/A:B:C Classifier/outputs/issue_reaudit_round3/batches/batch_029.csv,14,925,0001494259_2022_4,16
batch_029,/Users/nmduk/PROJECTS/A:B:C Classifier/outputs/issue_reaudit_round3/batches/batch_029.csv,15,926,0001494259_2022_4,17
batch_029,/Users/nmduk/PROJECTS/A:B:C Classifier/outputs/issue_reaudit_round3/batches/batch_029.csv,16,927,0001494259_2022_4,18
batch_029,/Users/nmduk/PROJECTS/A:B:C Classifier/outputs/issue_reaudit_round3/batches/batch_029.csv,17,928,0001494259_2022_4,19
batch_029,/Users/nmduk/PROJECTS/A:B:C Classifier/outputs/issue_reaudit_round3/batches/batch_029.csv,18,929,0001494259_2022_4,20
batch_029,/Users/nmduk/PROJECTS/A:B:C Classifier/outputs/issue_reaudit_round3/batches/batch_029.csv,19,930,0001494259_2022_4,21
batch_029,/Users/nmduk/PROJECTS/A:B:C Classifier/outputs/issue_reaudit_round3/batches/batch_029.csv,20,938,0001494259_2022_4,29
batch_029,/Users/nmduk/PROJECTS/A:B:C Classifier/outputs/issue_reaudit_round3/batches/batch_029.csv,21,945,0001494259_2022_4,39
batch_030,/Users/nmduk/PROJECTS/A:B:C Classifier/outputs/issue_reaudit_round3/batches/batch_030.csv,1,1237,0001504747_2014_4,7
batch_030,/Users/nmduk/PROJECTS/A:B:C Classifier/outputs/issue_reaudit_round3/batches/batch_030.csv,2,1238,0001504747_2014_4,9
batch_030,/Users/nmduk/PROJECTS/A:B:C Classifier/outputs/issue_reaudit_round3/batches/batch_030.csv,3,1239,0001504747_2014_4,11
batch_030,/Users/nmduk/PROJECTS/A:B:C Classifier/outputs/issue_reaudit_round3/batches/batch_030.csv,4,1240,0001504747_2014_4,12
batch_030,/Users/nmduk/PROJECTS/A:B:C Classifier/outputs/issue_reaudit_round3/batches/batch_030.csv,5,1241,0001504747_2014_4,13
batch_030,/Users/nmduk/PROJECTS/A:B:C Classifier/outputs/issue_reaudit_round3/batches/batch_030.csv,6,1242,0001504747_2014_4,14
batch_030,/Users/nmduk/PROJECTS/A:B:C Classifier/outputs/issue_reaudit_round3/batches/batch_030.csv,7,1243,0001504747_2014_4,15
batch_030,/Users/nmduk/PROJECTS/A:B:C Classifier/outputs/issue_reaudit_round3/batches/batch_030.csv,8,1244,0001504747_2014_4,16
batch_030,/Users/nmduk/PROJECTS/A:B:C Classifier/outputs/issue_reaudit_round3/batches/batch_030.csv,9,1245,0001504747_2014_4,17
batch_030,/Users/nmduk/PROJECTS/A:B:C Classifier/outputs/issue_reaudit_round3/batches/batch_030.csv,10,1246,0001504747_2014_4,18
batch_030,/Users/nmduk/PROJECTS/A:B:C Classifier/outputs/issue_reaudit_round3/batches/batch_030.csv,11,1247,0001504747_2014_4,19
batch_030,/Users/nmduk/PROJECTS/A:B:C Classifier/outputs/issue_reaudit_round3/batches/batch_030.csv,12,1248,0001504747_2014_4,20
batch_030,/Users/nmduk/PROJECTS/A:B:C Classifier/outputs/issue_reaudit_round3/batches/batch_030.csv,13,1249,0001504747_2014_4,21
batch_030,/Users/nmduk/PROJECTS/A:B:C Classifier/outputs/issue_reaudit_round3/batches/batch_030.csv,14,1250,0001504747_2014_4,22
batch_030,/Users/nmduk/PROJECTS/A:B:C Classifier/outputs/issue_reaudit_round3/batches/batch_030.csv,15,1251,0001504747_2014_4,23
batch_030,/Users/nmduk/PROJECTS/A:B:C Classifier/outputs/issue_reaudit_round3/batches/batch_030.csv,16,1252,0001504747_2014_4,24
batch_030,/Users/nmduk/PROJECTS/A:B:C Classifier/outputs/issue_reaudit_round3/batches/batch_030.csv,17,1253,0001504747_2014_4,27
batch_030,/Users/nmduk/PROJECTS/A:B:C Classifier/outputs/issue_reaudit_round3/batches/batch_030.csv,18,669,0001517022_2023_4,6
batch_030,/Users/nmduk/PROJECTS/A:B:C Classifier/outputs/issue_reaudit_round3/batches/batch_030.csv,19,670,0001517022_2023_4,8
batch_030,/Users/nmduk/PROJECTS/A:B:C Classifier/outputs/issue_reaudit_round3/batches/batch_030.csv,20,671,0001517022_2023_4,9
batch_030,/Users/nmduk/PROJECTS/A:B:C Classifier/outputs/issue_reaudit_round3/batches/batch_030.csv,21,675,0001517022_2023_4,13
batch_030,/Users/nmduk/PROJECTS/A:B:C Classifier/outputs/issue_reaudit_round3/batches/batch_030.csv,22,676,0001517022_2023_4,14
batch_030,/Users/nmduk/PROJECTS/A:B:C Classifier/outputs/issue_reaudit_round3/batches/batch_030.csv,23,1406,0001604778_2016_4,7
batch_030,/Users/nmduk/PROJECTS/A:B:C Classifier/outputs/issue_reaudit_round3/batches/batch_030.csv,24,1407,0001604778_2016_4,8
batch_030,/Users/nmduk/PROJECTS/A:B:C Classifier/outputs/issue_reaudit_round3/batches/batch_030.csv,25,1408,0001604778_2016_4,9
batch_031,/Users/nmduk/PROJECTS/A:B:C Classifier/outputs/issue_reaudit_round3/batches/batch_031.csv,1,159,0001620280_2020_4,12
batch_031,/Users/nmduk/PROJECTS/A:B:C Classifier/outputs/issue_reaudit_round3/batches/batch_031.csv,2,160,0001620280_2020_4,15
batch_031,/Users/nmduk/PROJECTS/A:B:C Classifier/outputs/issue_reaudit_round3/batches/batch_031.csv,3,1125,0001624322_2024_4,14
batch_031,/Users/nmduk/PROJECTS/A:B:C Classifier/outputs/issue_reaudit_round3/batches/batch_031.csv,4,1126,0001624322_2024_4,15
batch_031,/Users/nmduk/PROJECTS/A:B:C Classifier/outputs/issue_reaudit_round3/batches/batch_031.csv,5,1128,0001624322_2024_4,18
batch_031,/Users/nmduk/PROJECTS/A:B:C Classifier/outputs/issue_reaudit_round3/batches/batch_031.csv,6,1131,0001624322_2024_4,21
batch_031,/Users/nmduk/PROJECTS/A:B:C Classifier/outputs/issue_reaudit_round3/batches/batch_031.csv,7,1435,0001680062_2022_4,11
batch_031,/Users/nmduk/PROJECTS/A:B:C Classifier/outputs/issue_reaudit_round3/batches/batch_031.csv,8,1436,0001680062_2022_4,12
batch_031,/Users/nmduk/PROJECTS/A:B:C Classifier/outputs/issue_reaudit_round3/batches/batch_031.csv,9,1437,0001680062_2022_4,13
batch_031,/Users/nmduk/PROJECTS/A:B:C Classifier/outputs/issue_reaudit_round3/batches/batch_031.csv,10,1438,0001680062_2022_4,14
batch_031,/Users/nmduk/PROJECTS/A:B:C Classifier/outputs/issue_reaudit_round3/batches/batch_031.csv,11,686,0001704711_2023_4,6
batch_031,/Users/nmduk/PROJECTS/A:B:C Classifier/outputs/issue_reaudit_round3/batches/batch_031.csv,12,687,0001704711_2023_4,7
batch_031,/Users/nmduk/PROJECTS/A:B:C Classifier/outputs/issue_reaudit_round3/batches/batch_031.csv,13,688,0001704711_2023_4,8
batch_031,/Users/nmduk/PROJECTS/A:B:C Classifier/outputs/issue_reaudit_round3/batches/batch_031.csv,14,689,0001704711_2023_4,9
batch_031,/Users/nmduk/PROJECTS/A:B:C Classifier/outputs/issue_reaudit_round3/batches/batch_031.csv,15,785,0001754195_2023_4,5
batch_031,/Users/nmduk/PROJECTS/A:B:C Classifier/outputs/issue_reaudit_round3/batches/batch_031.csv,16,786,0001754195_2023_4,6
batch_031,/Users/nmduk/PROJECTS/A:B:C Classifier/outputs/issue_reaudit_round3/batches/batch_031.csv,17,394,0001818093_2024_4,4
batch_031,/Users/nmduk/PROJECTS/A:B:C Classifier/outputs/issue_reaudit_round3/batches/batch_031.csv,18,395,0001818093_2024_4,6
