row_id,doc_id,sent_id,text_raw,text_norm,quarter_end,cik,prev_text_raw,prev_text_norm,text_len_chars,short_sentence,heuristic_needs_context,proxy_label_main,proxy_flag_mixed_ab,proxy_c_subtype,legacy_hint_impact,legacy_hint_remediation,legacy_hint_attestation,legacy_hint_find_opinion,legacy_hint_find_remedia_header,legacy_hint_remedia_start_seq,legacy_ab,legacy_negative,split,pred_label,prob_ISSUE,prob_REMEDIATION,prob_OTHER,prob_max,margin_top2,review_flag,auto_accept,model_version,label_main,flag_mixed_ab,flag_needs_context,c_subtype,annotator,label_version,note,master_label_main,master_flag_mixed_ab,master_flag_needs_context,master_c_subtype,master_note,label_match,mixed_match,needs_context_match,c_subtype_match,full_match
23,0000935419_2024_4,25,the remediation actions include. strengthening and enhancing the review and documentation procedures in our controls over user access review; (ii) defining and communicating clear and concise program change management policy and procedures; (iii) enhancing the reporting requirements of accounting system audit logs; (vi) continuous improvement over our itgc controls related to third party applications; and (vi) enhanced quarterly reporting on the remediation measures to the audit committee of the board of directors.,the remediation actions include strengthening and enhancing the review and documentation procedures in our controls over user access review ii defining and communicating clear and concise program change management policy and procedures iii enhancing the reporting requirements of accounting system audit logs vi continuous improvement over our itgc controls related to third party applications and vi enhanced quarterly reporting on the remediation measures to the audit committee of the board of directors,2024-09-30,935419,"review of accounting for impairment of goodwill and intangible assets as most of the assumptions used in the valuation models employed in impairment analyses are subjective in nature, management will employ additional controls to validate these assumptions, including the engagement of a third-party consultant to assist developing valuation models and establishing sound and reasonable assumptions.",review of accounting for impairment of goodwill and intangible assets as most of the assumptions used in the valuation models employed in impairment analyses are subjective in nature management will employ additional controls to validate these assumptions including the engagement of a third party consultant to assist developing valuation models and establishing sound and reasonable assumptions,506,0,0,REMEDIATION,0,other,0,1,0,False,True,21.0,0,0,trainval,REMEDIATION,0.0077423243861293,0.7979543109518343,0.1943033646620363,0.7979543109518343,0.603650946289798,1,0,e5_logreg,REMEDIATION,0,0,other,codex_remediation_worker_batch_011,guideline_v1_1_remediation_reaudit_round3,,REMEDIATION,0,0,other,,True,True,True,True,True
96,0000849146_2016_4,9,the audit committee retained independent counsel to assist it in conducting the review.,the audit committee retained independent counsel to assist it in conducting the review,2016-06-30,849146,this independent review was initiated following internal reviews by company personnel and was further informed by the content of employee complaints.,this independent review was initiated following internal reviews by company personnel and was further informed by the content of employee complaints,86,1,0,OTHER,0,background,0,0,0,False,False,19.0,0,1,trainval,REMEDIATION,0.0085466564993673,0.6926848428354969,0.2987685006651357,0.6926848428354969,0.3939163421703612,1,0,e5_logreg,REMEDIATION,0,0,other,codex_remediation_worker_batch_007,guideline_v1_1_remediation_reaudit_round3,,REMEDIATION,0,0,other,,True,True,True,True,True
133,0001376339_2020_4,30,"with continued oversight from the audit committee, the company's management has designed and commenced implementing changes in processes and controls to remediate the material weaknesses described above and has improved the company's internal control over financial reporting as follows.",with continued oversight from the audit committee the company s management has designed and commenced implementing changes in processes and controls to remediate the material weaknesses described above and has improved the company s internal control over financial reporting as follows,2020-12-31,1376339,"the material weaknesses cannot be considered completely remediated until the applicable controls have operated for a sufficient period of time and management has concluded, through testing, that these controls are operating effectively.",the material weaknesses cannot be considered completely remediated until the applicable controls have operated for a sufficient period of time and management has concluded through testing that these controls are operating effectively,285,0,0,REMEDIATION,0,other,0,1,0,False,True,10.0,0,0,trainval,REMEDIATION,0.0103231272323996,0.7208127615298384,0.268864111237762,0.7208127615298384,0.4519486502920763,1,0,e5_logreg,OTHER,0,1,other,codex_remediation_worker_batch_019,guideline_v1_1_remediation_reaudit_round3,Lead-in sentence ending with as follows.,OTHER,0,1,other,summary lead-in ending with as follows,True,True,True,True,True
141,0001376339_2020_4,38,"management conducted and will continue to schedule training sessions with the company's sales department to ensure that they are familiar with the company's current sales related policies and procedures, including those which are significant to the company's financial reporting objectives.",management conducted and will continue to schedule training sessions with the company s sales department to ensure that they are familiar with the company s current sales related policies and procedures including those which are significant to the company s financial reporting objectives,2020-12-31,1376339,the company also enhanced the onboarding training provided to newly hired salespeople to emphasize the importance of compliance with the various regulations specific to the life sciences industry to which the company is subject.,the company also enhanced the onboarding training provided to newly hired salespeople to emphasize the importance of compliance with the various regulations specific to the life sciences industry to which the company is subject,288,0,0,REMEDIATION,0,other,0,1,0,False,False,10.0,0,0,trainval,REMEDIATION,0.0104142473650925,0.8434290670106691,0.1461566856242381,0.8434290670106691,0.697272381386431,0,1,e5_logreg,REMEDIATION,0,0,other,codex_remediation_worker_batch_019,guideline_v1_1_remediation_reaudit_round3,,REMEDIATION,0,0,other,,True,True,True,True,True
150,0001376339_2020_4,53,"these internal control deficiencies identified included (but were not limited to) the following. improvements to the financial close and reporting process, accounting for satisfaction of performance obligations related to revenue recognition, calculation of inventory costing and related accuracy of inventory, accounting for income taxes, 81 accurate calculation of stock-based compensation expense, timely review of consignment inventory and the development of quality estimates related to accrued expenses.",these internal control deficiencies identified included but were not limited to the following improvements to the financial close and reporting process accounting for satisfaction of performance obligations related to revenue recognition calculation of inventory costing and related accuracy of inventory accounting for income taxes <num> accurate calculation of stock based compensation expense timely review of consignment inventory and the development of quality estimates related to accrued expenses,2020-12-31,1376339,this review included the identification of internal control deficiencies and the development of remediation plans for each identified deficiency.,this review included the identification of internal control deficiencies and the development of remediation plans for each identified deficiency,503,0,1,REMEDIATION,0,other,0,1,0,False,False,10.0,0,0,trainval,REMEDIATION,0.4377012694646632,0.537727186980837,0.0245715435544997,0.537727186980837,0.1000259175161737,1,0,e5_logreg,OTHER,1,1,other,codex_remediation_worker_batch_019,guideline_v1_1_remediation_reaudit_round3,Mixes deficiency intro with a following list that is not standalone.,REMEDIATION,0,0,other,OCR-merged improvement list; action list dominates,False,False,False,True,False
248,0001137861_2006_4,12,"additionally, the method for capturing the proper cost basis of these assets has been revised to appropriately calculate depreciation expense in the future.",additionally the method for capturing the proper cost basis of these assets has been revised to appropriately calculate depreciation expense in the future,2006-12-31,1137861,"remediation of controls over the calculation of depreciation expense in response to the material weakness noted above, we performed an in-depth review of the company’s policies and procedures for determining depreciation expense and adjusted the calculation to include the correct cost basis for the surgical instruments.",remediation of controls over the calculation of depreciation expense in response to the material weakness noted above we performed an in depth review of the company s policies and procedures for determining depreciation expense and adjusted the calculation to include the correct cost basis for the surgical instruments,154,0,0,REMEDIATION,0,other,0,1,0,False,False,9.0,0,0,trainval,REMEDIATION,0.1634497645334421,0.7176671155410941,0.1188831199254637,0.7176671155410941,0.5542173510076519,1,0,e5_logreg,REMEDIATION,0,0,other,codex_remediation_worker_batch_015,guideline_v1_1_remediation_reaudit_round3,,REMEDIATION,0,0,other,,True,True,True,True,True
266,0000922487_2007_4,20,the company hired a chief credit officer.,the company hired a chief credit officer,2007-12-31,922487,this division is responsible for the management of impaired loans; .,this division is responsible for the management of impaired loans,40,1,0,REMEDIATION,0,other,0,1,0,False,False,4.0,0,0,trainval,REMEDIATION,0.0350074547511216,0.8044858881548332,0.1605066570940452,0.8044858881548332,0.643979231060788,0,1,e5_logreg,REMEDIATION,0,0,other,codex_remediation_worker_batch_009,guideline_v1_1_remediation_reaudit_round3,,REMEDIATION,0,0,other,,True,True,True,True,True
325,0001289945_2007_4,14,"in 2008, the company has moved from a combination of an employee and third party internal audit function to an outsourced third party internal audit function.",in <year> the company has moved from a combination of an employee and third party internal audit function to an outsourced third party internal audit function,2007-12-31,1289945,"changes in internal control over financial reporting there was no change in the company’s internal control over financial reporting that occurred during the company’s most recently completed fiscal quarter except as noted above under management’s remediation initiatives that has materially affected, or is reasonably likely to materially affect, the company’s internal control over financial reporting.",changes in internal control over financial reporting there was no change in the company s internal control over financial reporting that occurred during the company s most recently completed fiscal quarter except as noted above under management s remediation initiatives that has materially affected or is reasonably likely to materially affect the company s internal control over financial reporting,158,0,0,REMEDIATION,0,other,0,1,0,False,False,12.0,0,0,trainval,REMEDIATION,0.0526975699897965,0.7313348506538319,0.2159675793563716,0.7313348506538319,0.5153672712974603,1,0,e5_logreg,REMEDIATION,0,0,other,codex_remediation_worker_batch_017,guideline_v1_1_remediation_reaudit_round3,,REMEDIATION,0,0,other,,True,True,True,True,True
342,0000317477_2010_4,32,"(1) hiring additional accounting and operations personnel and engaging outside contractors with technical accounting expertise, as needed, and reorganizing the accounting and finance department to ensure that accounting personnel with adequate experience, skills and knowledge relating to complex, non-routine transactions are directly involved in the review and accounting evaluation of our complex, non-routine transactions;.",<num> hiring additional accounting and operations personnel and engaging outside contractors with technical accounting expertise as needed and reorganizing the accounting and finance department to ensure that accounting personnel with adequate experience skills and knowledge relating to complex non routine transactions are directly involved in the review and accounting evaluation of our complex non routine transactions,2010-09-30,317477,all purchases are reviewed by management.,all purchases are reviewed by management,422,0,0,OTHER,0,background,0,0,0,False,False,35.0,0,1,test,REMEDIATION,0.0358010538543295,0.9330649100999856,0.0311340360456848,0.9330649100999856,0.8972638562456561,0,1,e5_logreg,REMEDIATION,0,0,other,codex_remediation_worker_batch_004,guideline_v1_1_remediation_reaudit_round3,,REMEDIATION,0,0,other,,True,True,True,True,True
357,0000914712_2018_4,18,"as necessary, outside legal and/or accounting advice will be obtained.",as necessary outside legal and or accounting advice will be obtained,2018-07-31,914712,"regular meetings with accounting staff and executive level officers involved and familiar with accounting issues related to complex, non-routine transactions will be held.",regular meetings with accounting staff and executive level officers involved and familiar with accounting issues related to complex non routine transactions will be held,68,1,0,REMEDIATION,0,other,0,1,0,False,False,15.0,0,0,trainval,REMEDIATION,0.0319932710730543,0.7681456838132532,0.1998610451136924,0.7681456838132532,0.5682846386995608,1,0,e5_logreg,REMEDIATION,0,0,other,codex_remediation_worker_batch_009,guideline_v1_1_remediation_reaudit_round3,,REMEDIATION,0,0,other,,True,True,True,True,True
437,0001014739_2005_4,50,we have revised the system and manual controls in our community pharmacies to provide greater assurance that cancelled orders and other non-standard prescription transactions do not result in overstatement of revenue.,we have revised the system and manual controls in our community pharmacies to provide greater assurance that cancelled orders and other non standard prescription transactions do not result in overstatement of revenue,2005-12-31,1014739,revenue recognition .,revenue recognition,216,0,0,OTHER,1,effect,1,1,0,False,False,28.0,1,0,trainval,REMEDIATION,0.0830602542966191,0.8908160456258761,0.0261237000775046,0.8908160456258761,0.8077557913292569,0,1,e5_logreg,REMEDIATION,0,0,other,codex_remediation_worker_batch_012,guideline_v1_1_remediation_reaudit_round3,,REMEDIATION,0,0,other,,True,True,True,True,True
454,0001014739_2005_4,67,"we are adding personnel to increase our cash collection rates on both old and new accounts, and to resolve customer overpayments on a more timely basis.",we are adding personnel to increase our cash collection rates on both old and new accounts and to resolve customer overpayments on a more timely basis,2005-12-31,1014739,"we are expanding our use of automated tools to post cash, improving both speed and accuracy.",we are expanding our use of automated tools to post cash improving both speed and accuracy,150,0,0,REMEDIATION,0,other,0,1,0,False,False,28.0,0,0,trainval,REMEDIATION,0.0275297202810568,0.9607167404326684,0.0117535392862748,0.9607167404326684,0.9331870201516116,0,1,e5_logreg,REMEDIATION,0,0,other,codex_remediation_worker_batch_012,guideline_v1_1_remediation_reaudit_round3,,REMEDIATION,0,0,other,,True,True,True,True,True
473,0001144519_2007_4,25,bunge limited's business units have conducted reviews to identify transactions with characteristics of a financial nature.,bunge limited s business units have conducted reviews to identify transactions with characteristics of a financial nature,2007-12-31,1144519,monthly reconciliations of general ledger balances for each of bunge's subsidiaries with bunge's consolidated reporting system will be performed and reviewed with follow-up by bunge's corporate controller's group to assure appropriate elimination of intercompany balances and transactions.,monthly reconciliations of general ledger balances for each of bunge s subsidiaries with bunge s consolidated reporting system will be performed and reviewed with follow up by bunge s corporate controller s group to assure appropriate elimination of intercompany balances and transactions,121,1,0,REMEDIATION,0,other,0,1,0,False,False,19.0,0,0,trainval,REMEDIATION,0.056751884189138,0.724261156460392,0.2189869593504698,0.724261156460392,0.5052741971099222,1,0,e5_logreg,REMEDIATION,0,0,other,codex_remediation_worker_batch_016,guideline_v1_1_remediation_reaudit_round3,,REMEDIATION,0,0,other,,True,True,True,True,True
475,0001144519_2007_4,27,"bunge limited's business units and corporate controller's group will conduct full reviews of current policies, processes and procedures relating to analysis and assessment of the presentation and recording of existing sales transaction types and will redesign processes and controls as necessary based on the results of those reviews.",bunge limited s business units and corporate controller s group will conduct full reviews of current policies processes and procedures relating to analysis and assessment of the presentation and recording of existing sales transaction types and will redesign processes and controls as necessary based on the results of those reviews,2007-12-31,1144519,"all such transaction types identified for 2007, 2006 and 2005 have been reviewed with bunge's corporate controller's group to assure appropriate accounting treatment and financial statement presentation.",all such transaction types identified for <year> <year> and <year> have been reviewed with bunge s corporate controller s group to assure appropriate accounting treatment and financial statement presentation,332,0,0,REMEDIATION,0,other,0,1,0,False,False,19.0,0,0,trainval,REMEDIATION,0.0099981751846817,0.9363196643593678,0.0536821604559504,0.9363196643593678,0.8826375039034173,0,1,e5_logreg,REMEDIATION,0,0,other,codex_remediation_worker_batch_016,guideline_v1_1_remediation_reaudit_round3,,REMEDIATION,0,0,other,,True,True,True,True,True
494,0000067279_2013_4,16,"we expect to achieve operational effectiveness of these controls in 2014. ¡ñ we will enhance the design and performance of various review controls over revenue, inventory and income taxes, including management review and analysis of variances, and significant calculations.",we expect to achieve operational effectiveness of these controls in <year> ñ we will enhance the design and performance of various review controls over revenue inventory and income taxes including management review and analysis of variances and significant calculations,2013-12-31,67279,"we instituted a plan to design, document, implement and test the it general and application controls that we believe will support the remediation of the material weakness in the company's internal control over financial reporting.",we instituted a plan to design document implement and test the it general and application controls that we believe will support the remediation of the material weakness in the company s internal control over financial reporting,269,0,0,REMEDIATION,0,other,0,1,0,False,False,10.0,0,0,trainval,REMEDIATION,0.0139806041833637,0.9171784560744384,0.0688409397421979,0.9171784560744384,0.8483375163322405,0,1,e5_logreg,REMEDIATION,0,0,other,codex_remediation_worker_batch_001,guideline_v1_1_remediation_reaudit_round3,,REMEDIATION,0,0,other,,True,True,True,True,True
519,0001175535_2018_4,20,"additional accounting staff with appropriate experience, certification, education and training.",additional accounting staff with appropriate experience certification education and training,2018-12-31,1175535,ensure key accounting personnel have appropriate training.,ensure key accounting personnel have appropriate training,92,1,0,REMEDIATION,0,other,0,1,0,False,False,14.0,0,0,test,REMEDIATION,0.0408683863464489,0.9484803526699668,0.010651260983584,0.9484803526699668,0.907611966323518,0,1,e5_logreg,OTHER,0,1,other,codex_remediation_worker_batch_016,guideline_v1_1_remediation_reaudit_round3,staffing fragment without explicit action,REMEDIATION,0,0,other,,False,True,False,True,False
538,0001140098_2013_4,28,"for several years we had outsourced many accounting duties and the previous ceo acted as the company cfo as well; . · in november 2013, we hired a new corporate controller, who has extensive experience leading the accounting and finance functions at publicly traded companies and adds accounting expertise to our staff; and . · in december 2013, we engaged external advisors knowledgeable in many technical accounting matters, including derivatives to assist us in the interpretation of key technical accounting standards and associated interpretations and the determination of how to adequately apply such standards; .",for several years we had outsourced many accounting duties and the previous ceo acted as the company cfo as well in <month> <year> we hired a new corporate controller who has extensive experience leading the accounting and finance functions at publicly traded companies and adds accounting expertise to our staff and in <month> <year> we engaged external advisors knowledgeable in many technical accounting matters including derivatives to assist us in the interpretation of key technical accounting standards and associated interpretations and the determination of how to adequately apply such standards,2013-12-31,1140098,"management, with the input, oversight, and support of the audit committee has identified and taken the following steps, which management believes have corrected the material weakness described above subsequent to december 31, 2013. · in june 2013, we hired a new chief financial officer, who has extensive experience leading the accounting and finance functions at publicly traded companies and adds accounting expertise to our staff.",management with the input oversight and support of the audit committee has identified and taken the following steps which management believes have corrected the material weakness described above subsequent to <month> <num> <year> in <month> <year> we hired a new chief financial officer who has extensive experience leading the accounting and finance functions at publicly traded companies and adds accounting expertise to our staff,604,0,0,REMEDIATION,0,other,0,1,0,False,False,19.0,0,0,trainval,REMEDIATION,0.062020083887969,0.8516771120213601,0.0863028040906709,0.8516771120213601,0.7653743079306892,0,1,e5_logreg,OTHER,1,0,other,codex_remediation_worker_batch_016,guideline_v1_1_remediation_reaudit_round3,weakness background mixed with hiring and advisor actions,REMEDIATION,1,0,other,mixed issue history plus concrete hiring/advisor actions,False,True,True,True,False
587,0000783412_2014_4,14,"recognizing our deficiencies, we use mitigating controls, including a variety of internal procedures to check and double-check the areas where one person is responsible for multiple duties.",recognizing our deficiencies we use mitigating controls including a variety of internal procedures to check and double check the areas where one person is responsible for multiple duties,2014-09-30,783412,"also, we do not have sufficient in-house technical accounting expertise to assess and apply accounting standards that pertain to non-routine transactions, to review the quarterly and annual tax analysis and provision, and to assess the adequacy of disclosures in our quarterly and annual consolidated financial statements.",also we do not have sufficient in house technical accounting expertise to assess and apply accounting standards that pertain to non routine transactions to review the quarterly and annual tax analysis and provision and to assess the adequacy of disclosures in our quarterly and annual consolidated financial statements,186,0,0,OTHER,0,background,0,0,0,False,False,,0,1,trainval,REMEDIATION,0.1421136637193918,0.7804477229232103,0.0774386133573978,0.7804477229232103,0.6383340592038185,1,0,e5_logreg,REMEDIATION,0,0,other,codex_remediation_worker_batch_005,guideline_v1_1_remediation_reaudit_round3,,REMEDIATION,0,0,other,,True,True,True,True,True
622,0000317788_2016_4,32,finalize the system implementation related to sap.,finalize the system implementation related to sap,2016-03-31,317788,continue to utilize third party accounting experts to augment company accounting staff as necessary.,continue to utilize third party accounting experts to augment company accounting staff as necessary,49,1,0,REMEDIATION,0,other,0,1,0,False,False,15.0,0,0,trainval,REMEDIATION,0.0314817448755223,0.8863922065037144,0.0821260486207633,0.8863922065037144,0.8042661578829511,0,1,e5_logreg,REMEDIATION,0,0,other,codex_remediation_worker_batch_004,guideline_v1_1_remediation_reaudit_round3,,REMEDIATION,0,0,other,,True,True,True,True,True
626,0000317788_2016_4,36,implement information technology documentation and new controls that have an impact on financial reporting.,implement information technology documentation and new controls that have an impact on financial reporting,2016-03-31,317788,"continue to conduct formal training related to key accounting policies, internal controls, and sec compliance for all key personal which have a direct and indirect impact on the transactions underlying the financial statements.",continue to conduct formal training related to key accounting policies internal controls and sec compliance for all key personal which have a direct and indirect impact on the transactions underlying the financial statements,106,1,0,REMEDIATION,0,other,0,1,0,False,False,15.0,0,0,trainval,REMEDIATION,0.0659150756181128,0.8957440618829368,0.0383408624989503,0.8957440618829368,0.8298289862648239,0,1,e5_logreg,REMEDIATION,0,0,other,codex_remediation_worker_batch_004,guideline_v1_1_remediation_reaudit_round3,,REMEDIATION,0,0,other,,True,True,True,True,True
641,0000028823_2018_4,26,revoking the access to it systems of those individuals that were identified as inappropriate; .,revoking the access to it systems of those individuals that were identified as inappropriate,2018-12-31,28823,improving our timely written communication of changes in financial reporting and related controls affecting both business and financial users; .,improving our timely written communication of changes in financial reporting and related controls affecting both business and financial users,92,1,0,REMEDIATION,0,other,0,1,0,False,False,22.0,0,0,trainval,REMEDIATION,0.3200710005659571,0.4959394956067693,0.1839895038272735,0.4959394956067693,0.1758684950408121,1,0,e5_logreg,REMEDIATION,0,0,other,codex_remediation_worker_batch_001,guideline_v1_1_remediation_reaudit_round3,,REMEDIATION,0,0,other,,True,True,True,True,True
728,0000891178_2005_4,30,"training internal personnel, with the assistance of the new external advisors, to obtain additional expertise as to the application of generally accepted accounting principles specifically related to software revenue recognition; and, .",training internal personnel with the assistance of the new external advisors to obtain additional expertise as to the application of generally accepted accounting principles specifically related to software revenue recognition and,2005-12-31,891178,hiring highly qualified accounting consultants to guide internal accounting personnel in the application of generally accepted accounting principles related to software revenue recognition; .,hiring highly qualified accounting consultants to guide internal accounting personnel in the application of generally accepted accounting principles related to software revenue recognition,230,0,0,REMEDIATION,0,other,0,1,0,False,False,26.0,0,0,trainval,REMEDIATION,0.0191283473559775,0.9620741839705186,0.0187974686735038,0.9620741839705186,0.942945836614541,0,1,e5_logreg,REMEDIATION,0,0,other,codex_remediation_worker_batch_008,guideline_v1_1_remediation_reaudit_round3,,REMEDIATION,0,0,other,,True,True,True,True,True
763,0000928054_2012_4,6,"since identifying the deficiencies related to the implementation of the erp system, the company has modified employee security roles to limit access within the system and has continued development and refinement of system reports.",since identifying the deficiencies related to the implementation of the erp system the company has modified employee security roles to limit access within the system and has continued development and refinement of system reports,2012-12-31,928054,"upon evaluation, the company's management identified control deficiencies regarding . segregation of duties relating to the new erp system and development of system reports required to carry out the financial close process efficiently and effectively and . preparation of account reconciliations and analysis of variances from historical and expected results in connection with the monthly close process.",upon evaluation the company s management identified control deficiencies regarding segregation of duties relating to the new erp system and development of system reports required to carry out the financial close process efficiently and effectively and preparation of account reconciliations and analysis of variances from historical and expected results in connection with the monthly close process,228,0,0,OTHER,0,background,0,0,0,False,False,7.0,0,1,test,REMEDIATION,0.0842634291375954,0.8752733321322409,0.0404632387301636,0.8752733321322409,0.7910099029946455,0,1,e5_logreg,REMEDIATION,0,0,other,codex_remediation_worker_batch_010,guideline_v1_1_remediation_reaudit_round3,,REMEDIATION,0,0,other,,True,True,True,True,True
802,0001754195_2023_4,24,a leadership resource to lead internal controls efforts; and .,a leadership resource to lead internal controls efforts and,2023-12-31,1754195,additions to our cost accounting team with appropriate technical knowledge to support inventory accounting requirements; .,additions to our cost accounting team with appropriate technical knowledge to support inventory accounting requirements,59,1,0,REMEDIATION,0,other,0,1,0,False,False,8.0,0,0,trainval,REMEDIATION,0.0119456326325796,0.7041805633197105,0.2838738040477098,0.7041805633197105,0.4203067592720006,1,0,e5_logreg,REMEDIATION,0,0,other,codex_remediation_worker_batch_022,guideline_v1_1_remediation_reaudit_round3,,REMEDIATION,0,0,other,,True,True,True,True,True
803,0001754195_2023_4,25,"external resources to assist in the remediation efforts and internal control execution, as well as additional training to personnel.",external resources to assist in the remediation efforts and internal control execution as well as additional training to personnel,2023-12-31,1754195,a leadership resource to lead internal controls efforts; and .,a leadership resource to lead internal controls efforts and,130,1,0,REMEDIATION,0,other,0,1,0,False,True,8.0,0,0,trainval,REMEDIATION,0.0056630925906764,0.8043809292131124,0.1899559781962111,0.8043809292131124,0.6144249510169013,0,1,e5_logreg,REMEDIATION,0,0,other,codex_remediation_worker_batch_022,guideline_v1_1_remediation_reaudit_round3,,REMEDIATION,0,0,other,,True,True,True,True,True
826,0000933974_2019_4,26,"the remediation actions in the brooks life sciences segment are expected to include. implementing a new billing system and enterprise resource planning system (erp) which will reduce the complexity of this billing process, (ii) improving the oversight of the accuracy of invoice processing and (iii) improving process documentation and training related to the billing and oversight process.",the remediation actions in the brooks life sciences segment are expected to include implementing a new billing system and enterprise resource planning system erp which will reduce the complexity of this billing process ii improving the oversight of the accuracy of invoice processing and iii improving process documentation and training related to the billing and oversight process,2019-09-30,933974,"management has been implementing and continues to implement measures to ensure that the control deficiencies contributing to the material weaknesses are remediated, such that these controls are implemented and operating effectively.",management has been implementing and continues to implement measures to ensure that the control deficiencies contributing to the material weaknesses are remediated such that these controls are implemented and operating effectively,381,0,0,REMEDIATION,0,other,0,1,0,False,True,23.0,0,0,trainval,REMEDIATION,0.0327912448991787,0.9335251630030672,0.0336835920977541,0.9335251630030672,0.8998415709053129,0,1,e5_logreg,REMEDIATION,0,0,other,codex_remediation_worker_batch_011,guideline_v1_1_remediation_reaudit_round3,,REMEDIATION,0,0,other,,True,True,True,True,True
832,0000874734_2005_4,12,"as a result of this matter and to reduce the risk of recurrence, certain additional review procedures were instituted effective with the preparation of the financial statements for the quarter ended september 30, 2005.",as a result of this matter and to reduce the risk of recurrence certain additional review procedures were instituted effective with the preparation of the financial statements for the quarter ended <month> <num> <year>,2005-12-31,874734,"specifically, sufficient review, investigation and follow-up on underlying account analyses were not performed pursuant to established procedures.",specifically sufficient review investigation and follow up on underlying account analyses were not performed pursuant to established procedures,218,0,1,OTHER,0,effect,0,0,0,False,False,22.0,0,1,trainval,REMEDIATION,0.1262499802560781,0.673513808699623,0.200236211044299,0.673513808699623,0.4732775976553239,1,0,e5_logreg,REMEDIATION,0,0,other,codex_remediation_worker_batch_007,guideline_v1_1_remediation_reaudit_round3,,REMEDIATION,0,0,other,,True,True,True,True,True
846,0000874734_2005_4,27,we will continue to monitor the improvements in the internal control over financial reporting to ensure remediation of the material weakness.,we will continue to monitor the improvements in the internal control over financial reporting to ensure remediation of the material weakness,2005-12-31,874734,management is committed to finalizing its remediation action plan and implementing the necessary enhancements to its domestic and corporate accounting departments and its policies and procedures to fully remediate the material weakness discussed above.,management is committed to finalizing its remediation action plan and implementing the necessary enhancements to its domestic and corporate accounting departments and its policies and procedures to fully remediate the material weakness discussed above,140,1,0,REMEDIATION,0,other,0,1,0,False,True,22.0,0,0,trainval,REMEDIATION,0.0222302435567915,0.5357414197793381,0.4420283366638703,0.5357414197793381,0.0937130831154677,1,0,e5_logreg,REMEDIATION,0,0,other,codex_remediation_worker_batch_008,guideline_v1_1_remediation_reaudit_round3,,REMEDIATION,0,0,other,,True,True,True,True,True
871,0001159281_2014_4,10,"remediation of material weaknesses in internal control over financial reporting we are continuing to develop our remediation plan for the material weaknesses described above, which currently includes. · recruitment of additional experienced personnel for certain accounting positions; · restructuring of our accounting department; and · providing enhanced training for employees regarding our accounting policies and procedures.",remediation of material weaknesses in internal control over financial reporting we are continuing to develop our remediation plan for the material weaknesses described above which currently includes recruitment of additional experienced personnel for certain accounting positions restructuring of our accounting department and providing enhanced training for employees regarding our accounting policies and procedures,2014-12-31,1159281,their report appears elsewhere herein.,their report appears elsewhere herein,417,0,0,REMEDIATION,0,other,0,1,0,False,True,10.0,0,0,trainval,REMEDIATION,0.0440573825456403,0.758156222124192,0.1977863953301676,0.758156222124192,0.5603698267940244,1,0,e5_logreg,REMEDIATION,0,0,other,codex_remediation_worker_batch_016,guideline_v1_1_remediation_reaudit_round3,,REMEDIATION,0,0,other,,True,True,True,True,True
901,0000077281_2021_4,12,"these deficiencies related to. identifying and assessing risks of misstatement to ensure management review controls are designed, implemented, and operating at a level to effectively respond to those risks, (ii) monitoring the consistent operation of internal control over financial reporting and remediation of known control deficiencies, and (iii) evaluating the reliability of information used in management review controls.",these deficiencies related to identifying and assessing risks of misstatement to ensure management review controls are designed implemented and operating at a level to effectively respond to those risks ii monitoring the consistent operation of internal control over financial reporting and remediation of known control deficiencies and iii evaluating the reliability of information used in management review controls,2021-12-31,77281,we identified deficiencies in the design or operating effectiveness of certain management review controls.,we identified deficiencies in the design or operating effectiveness of certain management review controls,417,0,1,OTHER,1,background,1,1,0,False,True,12.0,1,0,trainval,REMEDIATION,0.2123802574822095,0.7265742154012758,0.0610455271165147,0.7265742154012758,0.5141939579190662,1,0,e5_logreg,ISSUE,0,0,other,codex_remediation_worker_batch_001,guideline_v1_1_remediation_reaudit_round3,describes deficiency areas,ISSUE,0,0,other,,True,True,True,True,True
910,0000077281_2021_4,23,"the company has enhanced its reconciliations and management review controls with the added stability of new hires and the implementation of technology solutions to automate visibility and enforcement of the independent review and documentation of journal entries, including proper segregation of duties, thus mitigating risks of both unintentional errors and fraud; and .",the company has enhanced its reconciliations and management review controls with the added stability of new hires and the implementation of technology solutions to automate visibility and enforcement of the independent review and documentation of journal entries including proper segregation of duties thus mitigating risks of both unintentional errors and fraud and,2021-12-31,77281,the company hired and retained individuals with the appropriate skills and provided in-depth re-training to control owners related to technical accounting and internal control over financial reporting; .,the company hired and retained individuals with the appropriate skills and provided in depth re training to control owners related to technical accounting and internal control over financial reporting,366,0,0,REMEDIATION,0,other,0,1,0,False,False,12.0,0,0,trainval,REMEDIATION,0.0154529195841262,0.9771375725300068,0.0074095078858666,0.9771375725300068,0.9616846529458806,0,1,e5_logreg,REMEDIATION,0,0,other,codex_remediation_worker_batch_001,guideline_v1_1_remediation_reaudit_round3,,REMEDIATION,0,0,other,,True,True,True,True,True
912,0000077281_2021_4,25,"72 management believes that its ongoing remediation efforts to design, implement, and enhance precision of management review controls and ensure reliability of information used in the controls will reduce the risk that a material misstatement to the consolidated financial statements would not be prevented or detected on a timely basis.",<num> management believes that its ongoing remediation efforts to design implement and enhance precision of management review controls and ensure reliability of information used in the controls will reduce the risk that a material misstatement to the consolidated financial statements would not be prevented or detected on a timely basis,2021-12-31,77281,development of processes and procedures to enhance the precision of management review of financial statement information including implementation of an automated workflow for manual journal entry review and posting.,development of processes and procedures to enhance the precision of management review of financial statement information including implementation of an automated workflow for manual journal entry review and posting,337,0,0,OTHER,1,effect,1,1,0,False,True,12.0,1,0,trainval,REMEDIATION,0.1630716019416086,0.6453989874752285,0.1915294105831629,0.6453989874752285,0.4538695768920655,1,0,e5_logreg,OTHER,0,0,effect,codex_remediation_worker_batch_001,guideline_v1_1_remediation_reaudit_round3,expected effect statement,REMEDIATION,0,0,other,,False,True,True,False,False
941,0001494259_2022_4,32,implementation of controls at the corporate level to reduce the risk of material misstatement related to caroffer financial statements and disclosures; .,implementation of controls at the corporate level to reduce the risk of material misstatement related to caroffer financial statements and disclosures,2022-12-31,1494259,engaging internal and external resources to assist with remediation ; .,engaging internal and external resources to assist with remediation,150,0,0,OTHER,1,background,1,1,0,False,False,8.0,1,0,trainval,REMEDIATION,0.4492714101907791,0.4851814195601237,0.0655471702490972,0.4851814195601237,0.0359100093693445,1,0,e5_logreg,REMEDIATION,0,0,other,codex_remediation_worker_batch_020,guideline_v1_1_remediation_reaudit_round3,,REMEDIATION,0,0,other,,True,True,True,True,True
1010,0000798081_2009_4,32,"in addition, in july 2008, an internal auditor was hired in china who will report directly to the us corporate internal audit department and who will work closely with us management.",in addition in <month> <year> an internal auditor was hired in china who will report directly to the us corporate internal audit department and who will work closely with us management,2009-01-31,798081,"further, us corporate management is now also reviewing the china gaap financial statements.",further us corporate management is now also reviewing the china gaap financial statements,184,0,0,REMEDIATION,0,other,0,1,0,False,False,13.0,0,0,trainval,REMEDIATION,0.0055616509018466,0.6123552444076745,0.3820831046904789,0.6123552444076745,0.2302721397171956,1,0,e5_logreg,REMEDIATION,0,0,other,codex_remediation_worker_batch_005,guideline_v1_1_remediation_reaudit_round3,,REMEDIATION,0,0,other,,True,True,True,True,True
1031,0001129633_2015_4,32,&#9702; the company made revisions to the balance sheet account reconciliation policy to better align the reconciliation controls with the risks that the company identified both in the financial statements and the reconciliation process.,<year> the company made revisions to the balance sheet account reconciliation policy to better align the reconciliation controls with the risks that the company identified both in the financial statements and the reconciliation process,2015-12-31,1129633,&#9702; designed and implemented new controls and enhanced existing controls in multiple processes that are part of the financial close and recording of journal entries that include levels of review at the appropriate precision and by personnel with the appropriate experience.,<year> designed and implemented new controls and enhanced existing controls in multiple processes that are part of the financial close and recording of journal entries that include levels of review at the appropriate precision and by personnel with the appropriate experience,235,0,0,OTHER,1,background,1,1,0,False,False,9.0,1,0,test,REMEDIATION,0.1854773848500892,0.7601484815179806,0.05437413363193,0.7601484815179806,0.5746710966678914,1,0,e5_logreg,REMEDIATION,0,0,other,codex_remediation_worker_batch_014,guideline_v1_1_remediation_reaudit_round3,,REMEDIATION,0,0,other,,True,True,True,True,True
1065,0001129633_2015_4,67,&#9702; established an accounting policy to reflect the risk of counterparty non-performance in the company’s estimates of derivative fair value.,<year> established an accounting policy to reflect the risk of counterparty non performance in the company s estimates of derivative fair value,2015-12-31,1129633,"principally, the remediation efforts included.",principally the remediation efforts included,143,0,0,REMEDIATION,0,other,0,1,0,False,False,9.0,0,0,test,REMEDIATION,0.3282014613230232,0.4436922506101921,0.2281062880667847,0.4436922506101921,0.1154907892871688,1,0,e5_logreg,REMEDIATION,0,0,other,codex_remediation_worker_batch_014,guideline_v1_1_remediation_reaudit_round3,,REMEDIATION,0,0,other,,True,True,True,True,True
1088,0001129633_2015_4,90,&#9702; implemented monitoring controls to validate appropriate granting and removal of access.,<year> implemented monitoring controls to validate appropriate granting and removal of access,2015-12-31,1129633,&#9702; enhanced internal control over the request and approval of system access to key applications and system infrastructure.,<year> enhanced internal control over the request and approval of system access to key applications and system infrastructure,93,1,0,REMEDIATION,0,other,0,1,0,False,False,9.0,0,0,test,REMEDIATION,0.0143816119976659,0.6262904909321657,0.3593278970701683,0.6262904909321657,0.2669625938619974,1,0,e5_logreg,REMEDIATION,0,0,other,codex_remediation_worker_batch_015,guideline_v1_1_remediation_reaudit_round3,,REMEDIATION,0,0,other,,True,True,True,True,True
1089,0001129633_2015_4,91,&#9702; enhanced the company’s annual access review controls.,<year> enhanced the company s annual access review controls,2015-12-31,1129633,&#9702; implemented monitoring controls to validate appropriate granting and removal of access.,<year> implemented monitoring controls to validate appropriate granting and removal of access,59,1,0,REMEDIATION,0,other,0,1,0,False,False,9.0,0,0,test,REMEDIATION,0.0123764055240033,0.8386608053012199,0.1489627891747767,0.8386608053012199,0.6896980161264431,0,1,e5_logreg,REMEDIATION,0,0,other,codex_remediation_worker_batch_015,guideline_v1_1_remediation_reaudit_round3,,REMEDIATION,0,0,other,,True,True,True,True,True
1113,0001129633_2015_4,116,other invested assets &#9702; designed a new process to evaluate accounting for new oia investments and implemented enhanced review controls over the resulting accounting conclusions.,other invested assets <year> designed a new process to evaluate accounting for new oia investments and implemented enhanced review controls over the resulting accounting conclusions,2015-12-31,1129633,&#9702; the company will further evaluate the design of controls as well as consider the implementation of additional controls over private valuation inputs to address unremediated risks and demonstrate consistent performance of those controls.,<year> the company will further evaluate the design of controls as well as consider the implementation of additional controls over private valuation inputs to address unremediated risks and demonstrate consistent performance of those controls,181,0,0,REMEDIATION,0,other,0,1,0,False,False,9.0,0,0,test,REMEDIATION,0.0224999716628283,0.9377042625275532,0.0397957658096183,0.9377042625275532,0.8979084967179349,0,1,e5_logreg,REMEDIATION,0,0,other,codex_remediation_worker_batch_015,guideline_v1_1_remediation_reaudit_round3,,REMEDIATION,0,0,other,,True,True,True,True,True
1179,0000929940_2007_4,40,"although the remedial measures implemented and reported in prior quarters improved our internal control over financial reporting in certain respects, our processes and systems require further improvement and are dependent upon the training and effectiveness of a number of qualified finance and accounting staff that were hired in the fiscal year.",although the remedial measures implemented and reported in prior quarters improved our internal control over financial reporting in certain respects our processes and systems require further improvement and are dependent upon the training and effectiveness of a number of qualified finance and accounting staff that were hired in the fiscal year,2007-06-30,929940,"during the quarter ended june 30, 2007, no additional changes were identified to our internal control over financial reporting that materially affected, or were reasonably likely to materially affect, our internal control over financial reporting except for the material weaknesses related to the accounting for transfers of customer installments and accounts receivables under receivable sale facilities and recognition of revenue discussed above.",during the quarter ended <month> <num> <year> no additional changes were identified to our internal control over financial reporting that materially affected or were reasonably likely to materially affect our internal control over financial reporting except for the material weaknesses related to the accounting for transfers of customer installments and accounts receivables under receivable sale facilities and recognition of revenue discussed above,345,0,0,REMEDIATION,0,other,0,1,0,False,True,37.0,0,0,trainval,REMEDIATION,0.0580708028060522,0.8483718176735443,0.0935573795204033,0.8483718176735443,0.754814438153141,0,1,e5_logreg,OTHER,1,0,other,codex_remediation_worker_batch_010,guideline_v1_1_remediation_reaudit_round3,mentions prior remediation improvement but says control gaps remain,ISSUE,0,0,other,remaining process improvement gap after prior measures,False,False,True,True,False
1184,0000929940_2007_4,46,"in order to improve controls over the periodic financial close process, we intend to.",in order to improve controls over the periodic financial close process we intend to,2007-06-30,929940,we expect to continue to develop our remediation plans and implement additional measures during our fiscal year 2008 and possibly into fiscal 2009.,we expect to continue to develop our remediation plans and implement additional measures during our fiscal year <year> and possibly into fiscal <year>,83,1,0,REMEDIATION,0,other,0,1,0,False,False,37.0,0,0,trainval,REMEDIATION,0.0616571667073959,0.8339471355334264,0.1043956977591776,0.8339471355334264,0.7295514377742487,0,1,e5_logreg,OTHER,0,1,other,codex_remediation_worker_batch_010,guideline_v1_1_remediation_reaudit_round3,lead in only and needs the following action list,OTHER,0,1,other,lead-in to remediation action list,True,True,True,True,True
1188,0000929940_2007_4,50,"further improve the periodic financial close process through the use of a detailed financial close plan and enhanced review of manual journal entries, account reconciliations, estimates and judgments and consolidation schedules;.",further improve the periodic financial close process through the use of a detailed financial close plan and enhanced review of manual journal entries account reconciliations estimates and judgments and consolidation schedules,2007-06-30,929940,continue to assess training requirements and adequacy and expertise of the finance and accounting staff on a global basis;.,continue to assess training requirements and adequacy and expertise of the finance and accounting staff on a global basis,225,0,0,REMEDIATION,0,other,0,1,0,False,False,37.0,0,0,trainval,REMEDIATION,0.0404452966673061,0.9392938995452156,0.0202608037874782,0.9392938995452156,0.8988486028779092,0,1,e5_logreg,REMEDIATION,0,0,other,codex_remediation_worker_batch_010,guideline_v1_1_remediation_reaudit_round3,,REMEDIATION,0,0,other,,True,True,True,True,True
1190,0000929940_2007_4,52,further simplify the legal entity structure; and.,further simplify the legal entity structure and,2007-06-30,929940,assess the adequacy of the systems and procedures used to track and account for stock-based awards;.,assess the adequacy of the systems and procedures used to track and account for stock based awards,47,1,0,REMEDIATION,0,other,0,1,0,False,False,37.0,0,0,trainval,REMEDIATION,0.0463193896529731,0.7929947406164773,0.1606858697305495,0.7929947406164773,0.6323088708859278,1,0,e5_logreg,REMEDIATION,0,0,other,codex_remediation_worker_batch_010,guideline_v1_1_remediation_reaudit_round3,,REMEDIATION,0,0,other,,True,True,True,True,True
1194,0000929940_2007_4,56,"enhance receivable reconciliation procedures to ensure that only valid receivables are included on internal reports used to identify receivables eligible for transfer; and,.",enhance receivable reconciliation procedures to ensure that only valid receivables are included on internal reports used to identify receivables eligible for transfer and,2007-06-30,929940,"enhance procedures, including increased management review and approval of receivable transfers under receivable sale facilities and development of appropriate systems and reporting mechanisms, to ensure that transactions are allowable and properly accounted for as a sale of assets or secured borrowing under the terms of the receivable sale facilities;.",enhance procedures including increased management review and approval of receivable transfers under receivable sale facilities and development of appropriate systems and reporting mechanisms to ensure that transactions are allowable and properly accounted for as a sale of assets or secured borrowing under the terms of the receivable sale facilities,170,0,0,REMEDIATION,0,other,0,1,0,False,False,37.0,0,0,trainval,REMEDIATION,0.0472892186449987,0.867828533494783,0.0848822478602183,0.867828533494783,0.7829462856345646,0,1,e5_logreg,REMEDIATION,0,0,other,codex_remediation_worker_batch_010,guideline_v1_1_remediation_reaudit_round3,,REMEDIATION,0,0,other,,True,True,True,True,True
1205,0000929940_2007_4,67,enhance contract review documentation and procedures to identify and accurately account for non-routine arrangements with customers;.,enhance contract review documentation and procedures to identify and accurately account for non routine arrangements with customers,2007-06-30,929940,enhance the process used to determine the estimated discount rate for the present value of license contracts with extended payment terms; .,enhance the process used to determine the estimated discount rate for the present value of license contracts with extended payment terms,131,1,0,REMEDIATION,0,other,0,1,0,False,False,37.0,0,0,trainval,REMEDIATION,0.062764916803513,0.9306306608219148,0.0066044223745722,0.9306306608219148,0.8678657440184017,0,1,e5_logreg,REMEDIATION,0,0,other,codex_remediation_worker_batch_011,guideline_v1_1_remediation_reaudit_round3,,REMEDIATION,0,0,other,,True,True,True,True,True
1210,0000929940_2007_4,72,enhance procedures for the review and approval of customer credit memos and adjustments including a monthly reconciliation of authorized amounts to actual credits and adjustments recorded;.,enhance procedures for the review and approval of customer credit memos and adjustments including a monthly reconciliation of authorized amounts to actual credits and adjustments recorded,2007-06-30,929940,in order to improve controls over the accounts receivable function we intend to.,in order to improve controls over the accounts receivable function we intend to,187,0,0,OTHER,1,effect,1,1,0,False,False,37.0,1,0,trainval,REMEDIATION,0.0358956549746415,0.9550525430083808,0.0090518020169778,0.9550525430083808,0.9191568880337392,0,1,e5_logreg,REMEDIATION,0,0,other,codex_remediation_worker_batch_011,guideline_v1_1_remediation_reaudit_round3,,REMEDIATION,0,0,other,,True,True,True,True,True
1213,0000929940_2007_4,75,assess training requirements and adequacy and expertise of the collections and accounts receivable staff on a global basis; and.,assess training requirements and adequacy and expertise of the collections and accounts receivable staff on a global basis and,2007-06-30,929940,increase the level and frequency of review of past due accounts and related installments in the accounts receivable aging on a global basis;.,increase the level and frequency of review of past due accounts and related installments in the accounts receivable aging on a global basis,126,1,0,REMEDIATION,0,other,0,1,0,False,False,37.0,0,0,trainval,REMEDIATION,0.0813017134759773,0.9085598915550436,0.010138394968979,0.9085598915550436,0.8272581780790662,0,1,e5_logreg,REMEDIATION,0,0,other,codex_remediation_worker_batch_011,guideline_v1_1_remediation_reaudit_round3,,REMEDIATION,0,0,other,,True,True,True,True,True
1222,0001056794_2007_4,17,"evaluation of and revision as needed, of calculations used in the preparation of accounts receivable, warranty, and excess and obsolete inventory reserves that fully consider the impact of changing trends in our revenues, outstanding ar balances and excess and obsolete inventory movement, and increased supervision and review over other judgmental and complex processes and transactions.",evaluation of and revision as needed of calculations used in the preparation of accounts receivable warranty and excess and obsolete inventory reserves that fully consider the impact of changing trends in our revenues outstanding ar balances and excess and obsolete inventory movement and increased supervision and review over other judgmental and complex processes and transactions,2007-06-30,1056794,controls over judgmental and complex processes and transactions were inadequate resulting in insufficient control over financial reporting.,controls over judgmental and complex processes and transactions were inadequate resulting in insufficient control over financial reporting,382,0,0,OTHER,1,effect,1,1,0,False,False,16.0,1,0,test,REMEDIATION,0.0889126453117352,0.8911744107793047,0.01991294390896,0.8911744107793047,0.8022617654675694,0,1,e5_logreg,REMEDIATION,0,0,other,codex_remediation_worker_batch_013,guideline_v1_1_remediation_reaudit_round3,,REMEDIATION,0,0,other,,True,True,True,True,True
1232,0001087934_2014_4,19,we are evaluating and implementing controls to appropriately determine that the billing system and tax calculation engine are assessing state sales tax on certain of our products and services.,we are evaluating and implementing controls to appropriately determine that the billing system and tax calculation engine are assessing state sales tax on certain of our products and services,2014-12-31,1087934,"with the implementation of the new billing system, we are determining that the accounting professionals have the knowledge, experience and training to adequately configure the billing system to appropriately calculate and assess state sales tax on certain of our products and services.",with the implementation of the new billing system we are determining that the accounting professionals have the knowledge experience and training to adequately configure the billing system to appropriately calculate and assess state sales tax on certain of our products and services,191,0,0,REMEDIATION,0,other,0,1,0,False,False,13.0,0,0,trainval,REMEDIATION,0.0450858976629015,0.8930618745269868,0.0618522278101116,0.8930618745269868,0.8312096467168751,0,1,e5_logreg,REMEDIATION,0,0,other,codex_remediation_worker_batch_013,guideline_v1_1_remediation_reaudit_round3,,REMEDIATION,0,0,other,,True,True,True,True,True
1233,0001087934_2014_4,20,we will test and evaluate the design and operating effectiveness of the new control procedures and then conclude on the effectiveness of the remediation plan.,we will test and evaluate the design and operating effectiveness of the new control procedures and then conclude on the effectiveness of the remediation plan,2014-12-31,1087934,we are evaluating and implementing controls to appropriately determine that the billing system and tax calculation engine are assessing state sales tax on certain of our products and services.,we are evaluating and implementing controls to appropriately determine that the billing system and tax calculation engine are assessing state sales tax on certain of our products and services,157,0,0,REMEDIATION,0,other,0,1,0,False,True,13.0,0,0,trainval,REMEDIATION,0.0055914047479325,0.6665007810823065,0.3279078141697609,0.6665007810823065,0.3385929669125455,1,0,e5_logreg,REMEDIATION,0,0,other,codex_remediation_worker_batch_013,guideline_v1_1_remediation_reaudit_round3,,REMEDIATION,0,0,other,,True,True,True,True,True
1256,0001504747_2014_4,34,"&#9679; management will continue to enhance its training programs for our accounting personnel both at the corporate and field-level, emphasizing financial reporting responsibilities and accountability for implementing and maintaining effective internal control over financial reporting.",<year> management will continue to enhance its training programs for our accounting personnel both at the corporate and field level emphasizing financial reporting responsibilities and accountability for implementing and maintaining effective internal control over financial reporting,2014-12-31,1504747,a copy of bdo's reports are included in this 2014 form 10-k at pages f-2 and f-3.,a copy of bdo s reports are included in this <year> form <num> k at pages f <num> and f <num>,284,0,0,REMEDIATION,0,other,0,1,0,False,False,28.0,0,0,trainval,REMEDIATION,0.0100132789870965,0.9022581085043504,0.0877286125085531,0.9022581085043504,0.8145294959957972,0,1,e5_logreg,REMEDIATION,0,0,other,codex_remediation_worker_batch_021,guideline_v1_1_remediation_reaudit_round3,,REMEDIATION,0,0,other,,True,True,True,True,True
1260,0001504747_2014_4,38,&#9679; management continues to implement controls over user access and change management related to the field-level information technology systems.,<year> management continues to implement controls over user access and change management related to the field level information technology systems,2014-12-31,1504747,"&#9679; management will put in place controls to properly identify, analyze and account for non-routine transactions and will use the appropriate level of oversight to ensure the transactions are reflected accurately and timely in the financial statements.",<year> management will put in place controls to properly identify analyze and account for non routine transactions and will use the appropriate level of oversight to ensure the transactions are reflected accurately and timely in the financial statements,146,0,0,REMEDIATION,0,other,0,1,0,False,False,28.0,0,0,trainval,REMEDIATION,0.0149785573969061,0.8504133168954642,0.1346081257076296,0.8504133168954642,0.7158051911878345,0,1,e5_logreg,REMEDIATION,0,0,other,codex_remediation_worker_batch_021,guideline_v1_1_remediation_reaudit_round3,,REMEDIATION,0,0,other,,True,True,True,True,True
1265,0001504747_2014_4,45,during 2014 significant enhancements have been made to the accounts payable and inventory control processes.,during <year> significant enhancements have been made to the accounts payable and inventory control processes,2014-12-31,1504747,"management has made changes to certain internal controls over financial reporting, which remediated some of the previously disclosed material weaknesses, as follows (a recitation of the noted material weakness is set forth followed by steps taken to remediate the material weakness).",management has made changes to certain internal controls over financial reporting which remediated some of the previously disclosed material weaknesses as follows a recitation of the noted material weakness is set forth followed by steps taken to remediate the material weakness,109,1,0,REMEDIATION,0,other,0,1,0,False,False,28.0,0,0,trainval,REMEDIATION,0.0355784570623322,0.9321338863821492,0.0322876565555185,0.9321338863821492,0.8965554293198169,0,1,e5_logreg,OTHER,0,0,status,codex_remediation_worker_batch_021,guideline_v1_1_remediation_reaudit_round3,Status statement about enhancements made; no specific step.,REMEDIATION,0,0,other,,False,True,True,False,False
1318,0000886163_2005_4,2,a nationally recognized external consulting firm assisted management with the company’s assessment of the effectiveness of internal control over financial reporting including program scoping and management’s documentation and testing of the company’s internal control over financial reporting.,a nationally recognized external consulting firm assisted management with the company s assessment of the effectiveness of internal control over financial reporting including program scoping and management s documentation and testing of the company s internal control over financial reporting,2005-12-31,886163,"management’s report on internal control over financial reporting management conducted an assessment of the effectiveness of the company’s internal control over financial reporting as of december 31, 2005 based on the framework set forth in internal control — integrated framework issued by the committee of sponsoring organizations of the treadway commission (coso).",management s report on internal control over financial reporting management conducted an assessment of the effectiveness of the company s internal control over financial reporting as of <month> <num> <year> based on the framework set forth in internal control integrated framework issued by the committee of sponsoring organizations of the treadway commission coso,292,0,0,OTHER,0,background,0,0,0,False,False,4.0,0,1,trainval,REMEDIATION,0.0189946312059389,0.6655376320175023,0.3154677367765588,0.6655376320175023,0.3500698952409434,1,0,e5_logreg,OTHER,0,0,background,codex_remediation_worker_batch_008,guideline_v1_1_remediation_reaudit_round3,"Assessment support and testing context, not remediation.",OTHER,0,0,background,background or definitional sentence,True,True,True,True,True
1380,0000089089_2007_4,26,"these ongoing efforts are focused on . expanding our organizational capabilities to improve our monitoring, communications, training, and governance processes, (ii) implementing process improvements to strengthen our internal control and monitoring activities, and (iii) placement of additional staff to timely complete the company’s income tax provision and account reconciliations, thus allowing for proper review and oversight.",these ongoing efforts are focused on expanding our organizational capabilities to improve our monitoring communications training and governance processes ii implementing process improvements to strengthen our internal control and monitoring activities and iii placement of additional staff to timely complete the company s income tax provision and account reconciliations thus allowing for proper review and oversight,2007-12-31,89089,"remediation efforts and plans for material weaknesses in internal control over financial reporting in response to the identified material weaknesses, our management, with oversight from the company’s audit committee has dedicated significant in-house and external resources to implement enhancements to the company’s internal control over financial reporting and remediate the material weaknesses described above.",remediation efforts and plans for material weaknesses in internal control over financial reporting in response to the identified material weaknesses our management with oversight from the company s audit committee has dedicated significant in house and external resources to implement enhancements to the company s internal control over financial reporting and remediate the material weaknesses described above,417,0,1,REMEDIATION,0,other,0,1,0,False,False,25.0,0,0,test,REMEDIATION,0.0090147709479474,0.9423372310866452,0.0486479979654074,0.9423372310866452,0.8936892331212377,0,1,e5_logreg,REMEDIATION,0,0,other,codex_remediation_worker_batch_002,guideline_v1_1_remediation_reaudit_round3,,REMEDIATION,0,0,other,,True,True,True,True,True
1387,0000089089_2007_4,36,"the engagement of third party contract tax advisors in the fourth quarter of 2007; such tax advisors have provided and will continue to provide day-to-day oversight and review of the company’s tax provision and compliance processes, pending our managing director’s assessment of resource requirements and capabilities.",the engagement of third party contract tax advisors in the fourth quarter of <year> such tax advisors have provided and will continue to provide day to day oversight and review of the company s tax provision and compliance processes pending our managing director s assessment of resource requirements and capabilities,2007-12-31,89089,"the hiring of an experienced managing director in the first quarter of 2008 to lead the company’s tax department, with responsibility for direction and oversight of all income tax and other tax functions.",the hiring of an experienced managing director in the first quarter of <year> to lead the company s tax department with responsibility for direction and oversight of all income tax and other tax functions,317,0,0,REMEDIATION,0,other,0,1,0,False,False,25.0,0,0,test,REMEDIATION,0.010167757586313,0.735074597880884,0.2547576445328028,0.735074597880884,0.4803169533480811,1,0,e5_logreg,REMEDIATION,0,0,other,codex_remediation_worker_batch_002,guideline_v1_1_remediation_reaudit_round3,,REMEDIATION,0,0,other,,True,True,True,True,True
1389,0000089089_2007_4,38,"the enhancement of standardized documentation and processes in the income tax provision area, including the review and approval of related journal entries by experienced tax and finance personnel.",the enhancement of standardized documentation and processes in the income tax provision area including the review and approval of related journal entries by experienced tax and finance personnel,2007-12-31,89089,the commitment to reevaluate existing roles and responsibilities within the tax function to ensure they are staffed by appropriate personnel.,the commitment to reevaluate existing roles and responsibilities within the tax function to ensure they are staffed by appropriate personnel,194,0,0,REMEDIATION,0,other,0,1,0,False,False,25.0,0,0,test,REMEDIATION,0.0171568479671513,0.9710427567094388,0.0118003953234099,0.9710427567094388,0.9538859087422874,0,1,e5_logreg,REMEDIATION,0,0,other,codex_remediation_worker_batch_002,guideline_v1_1_remediation_reaudit_round3,,REMEDIATION,0,0,other,,True,True,True,True,True
1395,0000089089_2007_4,44,"in response to these contributing factors, our management has implemented or will implement the following remediation steps to enhance our internal controls over the timely completion and review of account reconciliations.",in response to these contributing factors our management has implemented or will implement the following remediation steps to enhance our internal controls over the timely completion and review of account reconciliations,2007-12-31,89089,insufficient or ineffective review and approval of certain account reconciliations resulting in errors not being prevented or detected in a timely manner.,insufficient or ineffective review and approval of certain account reconciliations resulting in errors not being prevented or detected in a timely manner,220,0,1,REMEDIATION,0,other,0,1,0,False,True,25.0,0,0,test,REMEDIATION,0.0092223820182391,0.8358237152633631,0.1549539027183978,0.8358237152633631,0.6808698125449653,0,1,e5_logreg,OTHER,0,1,other,codex_remediation_worker_batch_002,guideline_v1_1_remediation_reaudit_round3,Lead-in to remediation list; details are below.,REMEDIATION,0,0,other,,False,True,False,True,False
1397,0000089089_2007_4,46,the hiring and training of additional in-house resources and ongoing commitment to evaluate existing roles and responsibilities within the accounting and finance function.,the hiring and training of additional in house resources and ongoing commitment to evaluate existing roles and responsibilities within the accounting and finance function,2007-12-31,89089,the creation of a monitoring function within the company’s financial reporting group in the fourth quarter of 2007 to periodically review all account reconciliations.,the creation of a monitoring function within the company s financial reporting group in the fourth quarter of <year> to periodically review all account reconciliations,170,0,0,REMEDIATION,0,other,0,1,0,False,False,25.0,0,0,test,REMEDIATION,0.0123644412632913,0.9657922491652838,0.0218433095714249,0.9657922491652838,0.9439489395938588,0,1,e5_logreg,REMEDIATION,0,0,other,codex_remediation_worker_batch_002,guideline_v1_1_remediation_reaudit_round3,,REMEDIATION,0,0,other,,True,True,True,True,True
1432,0000918251_2019_4,26,"the actions that we are taking are subject to ongoing review by our management, including our ceo, cfo and cao, as well as audit committee oversight.",the actions that we are taking are subject to ongoing review by our management including our ceo cfo and cao as well as audit committee oversight,2019-03-31,918251,"this includes implementation of compensating controls, enhanced and revised design of existing transaction level and financial reporting controls at d&v, and enhancements in the documentation of transaction-level controls being performed at d&v.",this includes implementation of compensating controls enhanced and revised design of existing transaction level and financial reporting controls at d v and enhancements in the documentation of transaction level controls being performed at d v,145,0,0,REMEDIATION,0,other,0,1,0,False,False,14.0,0,0,trainval,REMEDIATION,0.0073802549578572,0.6644816586274592,0.3281380864146835,0.6644816586274592,0.3363435722127757,1,0,e5_logreg,REMEDIATION,0,0,other,codex_remediation_worker_batch_009,guideline_v1_1_remediation_reaudit_round3,,REMEDIATION,0,0,other,,True,True,True,True,True
1443,0001680062_2022_4,20,complete the implementation of our new enterprise reporting software and other system integrations and establish effective general controls over these systems to ensure that our automated process level controls and information produced and maintained in our it systems is relevant and reliable.,complete the implementation of our new enterprise reporting software and other system integrations and establish effective general controls over these systems to ensure that our automated process level controls and information produced and maintained in our it systems is relevant and reliable,2022-12-31,1680062,"continue to recruit qualified individuals for key positions within our accounting and other support functions that will further enhance internal control capabilities, allow for appropriate segregation of duties, and provide appropriate oversight and reviews.",continue to recruit qualified individuals for key positions within our accounting and other support functions that will further enhance internal control capabilities allow for appropriate segregation of duties and provide appropriate oversight and reviews,293,0,0,REMEDIATION,0,other,0,1,0,False,False,16.0,0,0,trainval,REMEDIATION,0.0164746767040395,0.9474531812500012,0.0360721420459592,0.9474531812500012,0.911381039204042,0,1,e5_logreg,REMEDIATION,0,0,other,codex_remediation_worker_batch_022,guideline_v1_1_remediation_reaudit_round3,,REMEDIATION,0,0,other,,True,True,True,True,True
1461,0000216039_2008_4,2,the company’s management is committed to continuing efforts aimed at improving the design adequacy and operational effectiveness of its system of internal control and is taking all necessary steps to address the material weaknesses identified above.,the company s management is committed to continuing efforts aimed at improving the design adequacy and operational effectiveness of its system of internal control and is taking all necessary steps to address the material weaknesses identified above,2008-12-31,216039,,,248,0,0,REMEDIATION,0,other,0,1,0,False,False,1.0,0,0,trainval,REMEDIATION,0.0120296660960256,0.618101817586286,0.3698685163176884,0.618101817586286,0.2482333012685975,1,0,e5_logreg,OTHER,0,0,status,codex_remediation_worker_batch_002,guideline_v1_1_remediation_reaudit_round3,Commitment/status statement without specific remediation step.,REMEDIATION,0,0,other,,False,True,True,False,False
1484,0000850209_2009_4,20,evaluating the need for additional resources in the preparation and review of the provision of income taxes.,evaluating the need for additional resources in the preparation and review of the provision of income taxes,2009-01-31,850209,identifying opportunities to automate the tax provision process including software tools that would reduce the number of manual spreadsheets that are used to calculate the income tax provision on a quarterly and annual basis.,identifying opportunities to automate the tax provision process including software tools that would reduce the number of manual spreadsheets that are used to calculate the income tax provision on a quarterly and annual basis,107,1,0,REMEDIATION,0,other,0,1,0,False,False,12.0,0,0,trainval,REMEDIATION,0.1144199369956588,0.8576330307273663,0.0279470322769748,0.8576330307273663,0.7432130937317074,0,1,e5_logreg,REMEDIATION,0,0,other,codex_remediation_worker_batch_007,guideline_v1_1_remediation_reaudit_round3,,REMEDIATION,0,0,other,,True,True,True,True,True
1546,0000315545_2016_4,46,"adopted a control enhancement to require the provision of all invoice copies along with the check register for appropriate approval, including all travel reimbursements separately approved; .",adopted a control enhancement to require the provision of all invoice copies along with the check register for appropriate approval including all travel reimbursements separately approved,2016-12-31,315545,"specifically, we have.",specifically we have,187,0,0,REMEDIATION,0,other,0,1,0,False,False,43.0,0,0,trainval,REMEDIATION,0.0318177656550552,0.949498163708331,0.0186840706366138,0.949498163708331,0.9176803980532756,0,1,e5_logreg,REMEDIATION,0,0,other,codex_remediation_worker_batch_003,guideline_v1_1_remediation_reaudit_round3,,REMEDIATION,0,0,other,,True,True,True,True,True
1549,0000315545_2016_4,49,rolled out a quarterly financial close checklist.,rolled out a quarterly financial close checklist,2016-12-31,315545,implemented a more formal and detailed travel and expense reimbursement policy.,implemented a more formal and detailed travel and expense reimbursement policy,48,1,0,REMEDIATION,0,other,0,1,0,False,False,43.0,0,0,trainval,REMEDIATION,0.0896215023823246,0.7699562813691707,0.1404222162485046,0.7699562813691707,0.6295340651206661,1,0,e5_logreg,REMEDIATION,0,0,other,codex_remediation_worker_batch_003,guideline_v1_1_remediation_reaudit_round3,,REMEDIATION,0,0,other,,True,True,True,True,True
1583,0001376339_2019_4,46,"both the ethics and compliance committee and the board have also both helped in reviewing, approving and training on the new code of business conduct and ethics.",both the ethics and compliance committee and the board have also both helped in reviewing approving and training on the new code of business conduct and ethics,2019-12-31,1376339,"portions of these training sessions are facilitated by the chief accounting officer (“cao”), who presents on topics such as the company's current sales return policy, acceptable credit terms for customers, events that would trigger commission claw-backs, customer credit limit modification approval protocol, and the importance of proper revenue recognition.",portions of these training sessions are facilitated by the chief accounting officer cao who presents on topics such as the company s current sales return policy acceptable credit terms for customers events that would trigger commission claw backs customer credit limit modification approval protocol and the importance of proper revenue recognition,159,0,0,REMEDIATION,0,other,0,1,0,False,False,12.0,0,0,test,REMEDIATION,0.0062737241293688,0.9627930367376442,0.0309332391329869,0.9627930367376442,0.9318597976046572,0,1,e5_logreg,REMEDIATION,0,0,other,codex_remediation_worker_batch_017,guideline_v1_1_remediation_reaudit_round3,,REMEDIATION,0,0,other,,True,True,True,True,True
1597,0001376339_2019_4,66,"once user profiles and their associated permissions were reconfigured, management employed procedures to ensure the continued appropriateness of all applicable system and network access.",once user profiles and their associated permissions were reconfigured management employed procedures to ensure the continued appropriateness of all applicable system and network access,2019-12-31,1376339,"the company has enhanced its review of salesperson activity which may indicate noncompliance with the company's sales policies, such as a quarterly review of data by the cfo, cao, and svp of sales and other key metrics both by region and at the individual salesperson level and has added controls to monitor potential instances of noncompliance.",the company has enhanced its review of salesperson activity which <month> indicate noncompliance with the company s sales policies such as a quarterly review of data by the cfo cao and svp of sales and other key metrics both by region and at the individual salesperson level and has added controls to monitor potential instances of noncompliance,184,0,0,REMEDIATION,0,other,0,1,0,False,False,12.0,0,0,test,REMEDIATION,0.0197500630652808,0.9112422310948224,0.0690077058398966,0.9112422310948224,0.8422345252549259,0,1,e5_logreg,REMEDIATION,0,0,other,codex_remediation_worker_batch_018,guideline_v1_1_remediation_reaudit_round3,,REMEDIATION,0,0,other,,True,True,True,True,True
1604,0001376339_2019_4,74,the methodology adopted within this assessment is designed to evaluate the impact and likelihood of various fraud risks susceptible to the company.,the methodology adopted within this assessment is designed to evaluate the impact and likelihood of various fraud risks susceptible to the company,2019-12-31,1376339,"management developed a process to prepare and did prepare an annual comprehensive fraud risk assessment designed to evaluate risks related to fraudulent financial reporting, management override, potential loss of assets, and corruption.",management developed a process to prepare and did prepare an annual comprehensive fraud risk assessment designed to evaluate risks related to fraudulent financial reporting management override potential loss of assets and corruption,146,0,0,REMEDIATION,0,other,0,1,0,False,False,12.0,0,0,test,REMEDIATION,0.0479197678163264,0.784104335444372,0.1679758967393016,0.784104335444372,0.6161284387050704,1,0,e5_logreg,OTHER,0,0,background,codex_remediation_worker_batch_018,guideline_v1_1_remediation_reaudit_round3,Methodology description rather than a remediation step.,REMEDIATION,0,0,other,,False,True,True,False,False
1612,0001376339_2019_4,82,"if a significant triggering event occurs, the company evaluates the key control activities related to the transaction or activity and determines that the related controls are within the scope of the sarbanes-oxley compliance program.",if a significant triggering event occurs the company evaluates the key control activities related to the transaction or activity and determines that the related controls are within the scope of the sarbanes oxley compliance program,2019-12-31,1376339,"on an annual basis (or more frequently, should a significant triggering event occur), the company now performs a risk assessment designed to ensure that the scope of its sarbanes-oxley compliance program adequately reflects changes to the business and its operations.",on an annual basis or more frequently should a significant triggering event occur the company now performs a risk assessment designed to ensure that the scope of its sarbanes oxley compliance program adequately reflects changes to the business and its operations,231,0,0,REMEDIATION,0,other,0,1,0,False,False,12.0,0,0,test,REMEDIATION,0.0120030144567923,0.7683516959906812,0.2196452895525264,0.7683516959906812,0.5487064064381548,1,0,e5_logreg,REMEDIATION,0,0,other,codex_remediation_worker_batch_018,guideline_v1_1_remediation_reaudit_round3,,REMEDIATION,0,0,other,,True,True,True,True,True
1615,0001376339_2019_4,85,"management conducted required internal training courses over sarbanes-oxley regulations, the company's internal control over financial reporting program and documentation evidencing the operation of controls for company personnel and management involved in the execution of controls.",management conducted required internal training courses over sarbanes oxley regulations the company s internal control over financial reporting program and documentation evidencing the operation of controls for company personnel and management involved in the execution of controls,2019-12-31,1376339,"through the completion of the following activities, the previously disclosed material weaknesses related to information and communication have been remediated.",through the completion of the following activities the previously disclosed material weaknesses related to information and communication have been remediated,281,0,0,REMEDIATION,0,other,0,1,0,False,False,12.0,0,0,test,REMEDIATION,0.0700475052490641,0.7766414005186025,0.1533110942323332,0.7766414005186025,0.6233303062862693,1,0,e5_logreg,REMEDIATION,0,0,other,codex_remediation_worker_batch_018,guideline_v1_1_remediation_reaudit_round3,,REMEDIATION,0,0,other,,True,True,True,True,True
1616,0001376339_2019_4,86,management developed a regular cadence for reporting the results of control testing to the board of directors of the company.,management developed a regular cadence for reporting the results of control testing to the board of directors of the company,2019-12-31,1376339,"management conducted required internal training courses over sarbanes-oxley regulations, the company's internal control over financial reporting program and documentation evidencing the operation of controls for company personnel and management involved in the execution of controls.",management conducted required internal training courses over sarbanes oxley regulations the company s internal control over financial reporting program and documentation evidencing the operation of controls for company personnel and management involved in the execution of controls,124,1,0,REMEDIATION,0,other,0,1,0,False,False,12.0,0,0,test,REMEDIATION,0.0197263476985628,0.7060578481065486,0.2742158041948886,0.7060578481065486,0.43184204391166,1,0,e5_logreg,REMEDIATION,0,0,other,codex_remediation_worker_batch_018,guideline_v1_1_remediation_reaudit_round3,,REMEDIATION,0,0,other,,True,True,True,True,True
1618,0001376339_2019_4,88,"a control certification survey is distributed to obtain information regarding any internal control related issues or concerns that control owners may have, and additional certification surveys are distributed to disclosure committee members and key members of the sales department which address (to the best of their knowledge) whether the period's financial statements are free from either material misstatements, material misclassifications, or material omissions.",a control certification survey is distributed to obtain information regarding any internal control related issues or concerns that control owners <month> have and additional certification surveys are distributed to disclosure committee members and key members of the sales department which address to the best of their knowledge whether the period s financial statements are free from either material misstatements material misclassifications or material omissions,2019-12-31,1376339,management implemented quarterly required communications amongst relevant members of senior management in the form of certification surveys.,management implemented quarterly required communications amongst relevant members of senior management in the form of certification surveys,464,0,0,OTHER,1,background,1,1,0,False,False,12.0,1,0,test,REMEDIATION,0.1296672714354614,0.5791293863575792,0.2912033422069593,0.5791293863575792,0.2879260441506198,1,0,e5_logreg,REMEDIATION,0,0,other,codex_remediation_worker_batch_019,guideline_v1_1_remediation_reaudit_round3,,REMEDIATION,0,0,other,,True,True,True,True,True
1621,0001376339_2019_4,91,"established its internal audit department, led by a vp of internal audit under the direction of the audit committee.",established its internal audit department led by a vp of internal audit under the direction of the audit committee,2019-12-31,1376339,"through the completion of the following activities, the previously disclosed material weaknesses related to monitoring activities have been remediated.",through the completion of the following activities the previously disclosed material weaknesses related to monitoring activities have been remediated,114,1,0,REMEDIATION,0,other,0,1,0,False,False,12.0,0,0,test,REMEDIATION,0.0121984183676762,0.7830536849928965,0.2047478966394271,0.7830536849928965,0.5783057883534694,1,0,e5_logreg,REMEDIATION,0,0,other,codex_remediation_worker_batch_019,guideline_v1_1_remediation_reaudit_round3,,REMEDIATION,0,0,other,,True,True,True,True,True
