row_id,doc_id,sent_id,text_raw,text_norm,quarter_end,cik,prev_text_raw,prev_text_norm,text_len_chars,short_sentence,heuristic_needs_context,proxy_label_main,proxy_flag_mixed_ab,proxy_c_subtype,legacy_hint_impact,legacy_hint_remediation,legacy_hint_attestation,legacy_hint_find_opinion,legacy_hint_find_remedia_header,legacy_hint_remedia_start_seq,legacy_ab,legacy_negative,split,sampling_bucket,is_boundary_case,legacy_suggested_label,legacy_suggested_mixed_ab,legacy_suggested_needs_context,legacy_suggested_c_subtype,label_main_pass2,flag_mixed_ab_pass2,flag_needs_context_pass2,c_subtype_pass2,annotator,note,label_version,blind_pass_order,label_main_pass1,flag_mixed_ab_pass1,flag_needs_context_pass1,c_subtype_pass1,label_changed,mixed_changed,needs_changed,subtype_changed,has_any_disagreement,disagreement_type
750,0000918958_2006_4,22,"we have restated our audited consolidated financial statements through a cumulative adjustment to increase accumulated deficit as of december 31, 2003 by $3.5 million and increased our net income by $1.7 million and $1.5 million for the years ended december 31, 2005 and december 31, 2004, respectively, to correct these errors.",we have restated our audited consolidated financial statements through a cumulative adjustment to increase accumulated deficit as of <month> <num> <year> by $ <num> <num> million and increased our net income by $ <num> <num> million and $ <num> <num> million for the years ended <month> <num> <year> and <month> <num> <year> respectively to correct these errors,2006-12-31,918958,"as a result of this material weakness, net income for the years ended december 31, 1997 through 2005 was overstated.",as a result of this material weakness net income for the years ended <month> <num> <year> through <year> was overstated,361,0,0,OTHER,1,effect,1,1,0,False,False,9.0,1,0,trainval,legacy_issue_and_remediation,1,OTHER,1,0,effect,OTHER,0,0,effect,codex_pass2,effect statement rather than direct issue/action,guideline_v1_round1_pass2,1,ISSUE,0,0,,True,False,False,True,True,ISSUE->OTHER
987,0000873303_2013_4,11,this material weakness resulted in a reasonable possibility that a material misstatement of the company’s annual or interim consolidated financial statements related to research and development expenses and other current assets would not be prevented or detected.,this material weakness resulted in a reasonable possibility that a material misstatement of the company s annual or interim consolidated financial statements related to research and development expenses and other current assets would not be prevented or detected,2013-12-31,873303,the company did not design and implement controls to adequately review and consider the recognition and measurement of new significant research and development contracts.,the company did not design and implement controls to adequately review and consider the recognition and measurement of new significant research and development contracts,262,0,1,ISSUE,0,other,1,0,0,False,False,14.0,0,0,test,legacy_issue_only,1,ISSUE,0,1,other,ISSUE,0,0,,codex_pass2,,guideline_v1_round1_pass2,2,ISSUE,0,0,,False,False,False,False,False,none
858,0000023666_2012_4,13,this control deficiency resulted in the restatement of the company’s consolidated financial statements for fiscal years 2010 and 2011 and of the company’s unaudited interim financial data for the first three quarters of fiscal years 2011 and 2012.,this control deficiency resulted in the restatement of the company s consolidated financial statements for fiscal years <year> and <year> and of the company s unaudited interim financial data for the first three quarters of fiscal years <year> and <year>,2012-06-30,23666,"management determined a control deficiency existed related to an ineffective control environment maintained by management in its brazil operations, including intentional overrides of internal controls, extensive cross-functional collusion by personnel in brazil and communication and actions by management in brazil that, in certain instances, overly emphasized meeting earning targets contributing to the lack of adherence to existing internal control procedures and u.s.",management determined a control deficiency existed related to an ineffective control environment maintained by management in its brazil operations including intentional overrides of internal controls extensive cross functional collusion by personnel in brazil and communication and actions by management in brazil that in certain instances overly emphasized meeting earning targets contributing to the lack of adherence to existing internal control procedures and u s,254,0,1,ISSUE,0,other,1,0,0,False,False,,0,0,trainval,legacy_issue_only,1,ISSUE,0,1,other,ISSUE,0,0,,codex_pass2,,guideline_v1_round1_pass2,3,ISSUE,0,0,,False,False,False,False,False,none
227,0001036968_2006_4,28,this control deficiency resulted in audit adjustments to our fiscal 2006 interim and annual consolidated financial statements.,this control deficiency resulted in audit adjustments to our fiscal <year> interim and annual consolidated financial statements,2006-12-31,1036968,72. properly recorded.,<num> properly recorded,127,1,1,ISSUE,0,other,1,0,0,False,False,,0,0,trainval,legacy_issue_only,1,ISSUE,0,1,other,ISSUE,0,0,,codex_pass2,,guideline_v1_round1_pass2,4,ISSUE,0,0,,False,False,False,False,False,none
1455,0000944765_2006_4,25,"specifically, we did not have formal policies and procedures to provide for sufficient analysis to identify all net assets acquired in a prior period business combination and allowable adjustments to goodwill, which resulted in an adjustment to correct an error that we have recorded in the fourth quarter of 2006 in our consolidated financial statements.",specifically we did not have formal policies and procedures to provide for sufficient analysis to identify all net assets acquired in a prior period business combination and allowable adjustments to goodwill which resulted in an adjustment to correct an error that we have recorded in the fourth quarter of <year> in our consolidated financial statements,2006-12-31,944765,we did not maintain effective policies and procedures over the accounting for business combinations.,we did not maintain effective policies and procedures over the accounting for business combinations,354,0,0,OTHER,1,effect,1,1,0,False,False,15.0,1,0,trainval,legacy_issue_and_remediation,1,OTHER,1,0,effect,ISSUE,0,0,,codex_pass2,,guideline_v1_round1_pass2,5,ISSUE,0,0,,False,False,False,False,False,none
1226,0001087934_2014_4,12,"this material weakness resulted in a restatement to sales tax liability that on a cumulative basis was $3.4 million as of september 30, 2014.",this material weakness resulted in a restatement to sales tax liability that on a cumulative basis was $ <num> <num> million as of <month> <num> <year>,2014-12-31,1087934,management has concluded this control deficiency is a material weakness.,management has concluded this control deficiency is a material weakness,151,0,1,ISSUE,0,other,1,0,0,False,False,13.0,0,0,trainval,legacy_issue_only,1,ISSUE,0,1,other,ISSUE,0,0,,codex_pass2,,guideline_v1_round1_pass2,6,ISSUE,0,0,,False,False,False,False,False,none
924,0001494259_2022_4,15,"specifically, we did not have sufficient knowledgeable personnel or processes in place which resulted in.",specifically we did not have sufficient knowledgeable personnel or processes in place which resulted in,2022-12-31,1494259,"the deficiencies were primarily the result of . insufficient evidence of management review and performance of control procedures, (ii) the inability to rely on information produced from it systems and an absence of compensating procedures, (iii) controls not designed to require proper authorization of certain transactions, and (iv) controls not designed or operating effectively related to logical access and change management of it systems.",the deficiencies were primarily the result of insufficient evidence of management review and performance of control procedures ii the inability to rely on information produced from it systems and an absence of compensating procedures iii controls not designed to require proper authorization of certain transactions and iv controls not designed or operating effectively related to logical access and change management of it systems,103,1,0,OTHER,1,effect,1,1,0,False,False,8.0,1,0,trainval,legacy_issue_and_remediation,1,OTHER,1,0,effect,OTHER,0,1,other,codex_pass2,incomplete problem statement,guideline_v1_round1_pass2,7,ISSUE,0,1,,True,False,False,True,True,ISSUE->OTHER
1618,0001376339_2019_4,88,"a control certification survey is distributed to obtain information regarding any internal control related issues or concerns that control owners may have, and additional certification surveys are distributed to disclosure committee members and key members of the sales department which address (to the best of their knowledge) whether the period's financial statements are free from either material misstatements, material misclassifications, or material omissions.",a control certification survey is distributed to obtain information regarding any internal control related issues or concerns that control owners <month> have and additional certification surveys are distributed to disclosure committee members and key members of the sales department which address to the best of their knowledge whether the period s financial statements are free from either material misstatements material misclassifications or material omissions,2019-12-31,1376339,management implemented quarterly required communications amongst relevant members of senior management in the form of certification surveys.,management implemented quarterly required communications amongst relevant members of senior management in the form of certification surveys,464,0,0,OTHER,1,background,1,1,0,False,False,12.0,1,0,test,legacy_issue_and_remediation,1,OTHER,1,0,background,REMEDIATION,0,0,,codex_pass2,,guideline_v1_round1_pass2,8,REMEDIATION,0,0,,False,False,False,False,False,none
316,0000039273_2006_4,8,this deficiency resulted in material errors in the reserve for cargo claims and related expenses in the 2006 annual consolidated financial statements.,this deficiency resulted in material errors in the reserve for cargo claims and related expenses in the <year> annual consolidated financial statements,2006-12-31,39273,"specifically, the company lacked . adequate policies and procedures to ensure the timely reporting of asserted cargo claims by personnel responsible for the daily management of those claims, and . adequate management supervision and review of the reserve for cargo claims.",specifically the company lacked adequate policies and procedures to ensure the timely reporting of asserted cargo claims by personnel responsible for the daily management of those claims and adequate management supervision and review of the reserve for cargo claims,151,0,1,ISSUE,0,other,1,0,0,False,False,,0,0,test,legacy_issue_only,1,ISSUE,0,1,other,ISSUE,0,0,,codex_pass2,,guideline_v1_round1_pass2,9,ISSUE,0,0,,False,False,False,False,False,none
437,0001014739_2005_4,50,we have revised the system and manual controls in our community pharmacies to provide greater assurance that cancelled orders and other non-standard prescription transactions do not result in overstatement of revenue.,we have revised the system and manual controls in our community pharmacies to provide greater assurance that cancelled orders and other non standard prescription transactions do not result in overstatement of revenue,2005-12-31,1014739,revenue recognition .,revenue recognition,216,0,0,OTHER,1,effect,1,1,0,False,False,28.0,1,0,trainval,legacy_issue_and_remediation,1,OTHER,1,0,effect,REMEDIATION,0,0,,codex_pass2,,guideline_v1_round1_pass2,10,REMEDIATION,0,0,,False,False,False,False,False,none
744,0000918958_2006_4,16,"we identified that the selection, application and monitoring of accounting policies utilized by a consolidated subsidiary resulted in the incorrect application of generally accepted accounting principles associated with accounting for refundable fees for club member services.",we identified that the selection application and monitoring of accounting policies utilized by a consolidated subsidiary resulted in the incorrect application of generally accepted accounting principles associated with accounting for refundable fees for club member services,2006-12-31,918958,refundable fees for club member services.,refundable fees for club member services,274,0,0,OTHER,1,effect,1,1,0,False,False,9.0,1,0,trainval,legacy_issue_and_remediation,1,OTHER,1,0,effect,ISSUE,0,0,,codex_pass2,,guideline_v1_round1_pass2,11,ISSUE,0,0,,False,False,False,False,False,none
1002,0000798081_2009_4,17,"this control deficiency resulted in an adjustment to our april 30, 2008 financial statements and could have resulted in an overstatement of cost of sales and operating expenses that would have resulted in an understatement of net earnings in the amount of $127,000 to the interim financial statements if not detected and prevented.",this control deficiency resulted in an adjustment to our <month> <num> <year> financial statements and could have resulted in an overstatement of cost of sales and operating expenses that would have resulted in an understatement of net earnings in the amount of $ <num> <num> to the interim financial statements if not detected and prevented,2009-01-31,798081,we believe the above remediation steps will provide us with the infrastructure and processes necessary to accurately prepare our financial statements on a quarterly basis.,we believe the above remediation steps will provide us with the infrastructure and processes necessary to accurately prepare our financial statements on a quarterly basis,341,0,1,OTHER,1,effect,1,1,0,False,False,13.0,1,0,trainval,legacy_issue_and_remediation,1,OTHER,1,1,effect,ISSUE,0,0,,codex_pass2,,guideline_v1_round1_pass2,12,ISSUE,0,0,,False,False,False,False,False,none
1311,0000834285_2021_4,22,these material weaknesses could result in misstatements of the aforementioned accounts and disclosures that would result in a material misstatement to the annual or interim consolidated financial statements that would not be prevented or detected.,these material weaknesses could result in misstatements of the aforementioned accounts and disclosures that would result in a material misstatement to the annual or interim consolidated financial statements that would not be prevented or detected,2021-12-31,834285,this material weakness resulted in an adjustment to the company’s disclosures related to the adoption of topic 326.,this material weakness resulted in an adjustment to the company s disclosures related to the adoption of topic <num>,246,0,1,ISSUE,0,other,1,0,0,False,False,26.0,0,0,trainval,legacy_issue_only,1,ISSUE,0,1,other,ISSUE,0,0,,codex_pass2,,guideline_v1_round1_pass2,13,ISSUE,0,0,,False,False,False,False,False,none
546,0000890801_2005_4,11,"hence, management concluded there is a more than remote likelihood that a material misstatement of the financial statements would not have been prevented or detected.",hence management concluded there is a more than remote likelihood that a material misstatement of the financial statements would not have been prevented or detected,2005-12-31,890801,"because the controls did not operate consistently in a timely manner throughout the interim periods of 2005, there was insufficient evidence at december 31, 2005 to demonstrate that the 2004 material weakness related to the financial close process had been remediated.",because the controls did not operate consistently in a timely manner throughout the interim periods of <year> there was insufficient evidence at <month> <num> <year> to demonstrate that the <year> material weakness related to the financial close process had been remediated,164,0,0,OTHER,1,background,1,1,0,False,False,8.0,1,0,trainval,legacy_issue_and_remediation,1,OTHER,1,0,background,ISSUE,0,0,,codex_pass2,,guideline_v1_round1_pass2,14,ISSUE,0,0,,False,False,False,False,False,none
1394,0000089089_2007_4,43,insufficient or ineffective review and approval of certain account reconciliations resulting in errors not being prevented or detected in a timely manner.,insufficient or ineffective review and approval of certain account reconciliations resulting in errors not being prevented or detected in a timely manner,2007-12-31,89089,"high turnover within the accounting and finance function, which led to the extensive use of contract and temporary resources to prepare certain account reconciliations; and .",high turnover within the accounting and finance function which led to the extensive use of contract and temporary resources to prepare certain account reconciliations and,153,0,0,OTHER,1,background,1,1,0,False,False,25.0,1,0,test,legacy_issue_and_remediation,1,OTHER,1,0,background,ISSUE,0,0,,codex_pass2,,guideline_v1_round1_pass2,15,ISSUE,0,0,,False,False,False,False,False,none
1323,0000886163_2005_4,7,"additionally, management’s process for assessing the company’s internal control over financial reporting, as of december 31, 2005 was delayed as a result of the restatement of the company’s prior years’ consolidated financial statements which did not conclude until late 2005.",additionally management s process for assessing the company s internal control over financial reporting as of <month> <num> <year> was delayed as a result of the restatement of the company s prior years consolidated financial statements which did not conclude until late <year>,2005-12-31,886163,"therefore, four of the six material weaknesses identified prior to december 31, 2004 continued to exist at december 31, 2005 as described in more detail below.",therefore four of the six material weaknesses identified prior to <month> <num> <year> continued to exist at <month> <num> <year> as described in more detail below,277,0,0,OTHER,1,effect,1,1,0,False,False,4.0,1,0,trainval,legacy_issue_and_remediation,1,OTHER,1,0,effect,ISSUE,0,0,,codex_pass2,,guideline_v1_round1_pass2,16,ISSUE,0,0,,False,False,False,False,False,none
1162,0000929940_2007_4,19,"this weakness contributed to the restatement of the financial statements for fiscal 2005 and 2006, as discussed in note 17 of the notes to the consolidated financial statements, and material post closing adjustments reflected in the financial statements as of and for fiscal 2007.",this weakness contributed to the restatement of the financial statements for fiscal <year> and <year> as discussed in note <num> of the notes to the consolidated financial statements and material post closing adjustments reflected in the financial statements as of and for fiscal <year>,2007-06-30,929940,controls also did not operate to ensure that only eligible assets were initially transferred under the receivable sale facilities.,controls also did not operate to ensure that only eligible assets were initially transferred under the receivable sale facilities,286,0,1,ISSUE,0,other,1,0,0,False,False,37.0,0,0,trainval,legacy_issue_only,1,ISSUE,0,1,other,ISSUE,0,0,,codex_pass2,,guideline_v1_round1_pass2,17,ISSUE,0,0,,False,False,False,False,False,none
233,0001036968_2006_4,34,this control deficiency resulted in audit adjustments to our fiscal 2006 interim and annual consolidated financial statements.,this control deficiency resulted in audit adjustments to our fiscal <year> interim and annual consolidated financial statements,2006-12-31,1036968,"specifically, we did not maintain effective controls over the completeness, accuracy and validity of spreadsheets used in our financial reporting process to maintain effective version control and ensure that access was restricted to appropriate personnel, and that unauthorized modification of the data or formulas within spreadsheets was prevented.",specifically we did not maintain effective controls over the completeness accuracy and validity of spreadsheets used in our financial reporting process to maintain effective version control and ensure that access was restricted to appropriate personnel and that unauthorized modification of the data or formulas within spreadsheets was prevented,127,1,1,ISSUE,0,other,1,0,0,False,False,,0,0,trainval,legacy_issue_only,1,ISSUE,0,1,other,ISSUE,0,0,,codex_pass2,,guideline_v1_round1_pass2,18,ISSUE,0,0,,False,False,False,False,False,none
477,0001076784_2008_4,15,"this sales cut-off error resulted in understatement of sales, accounts receivable by approximately $4.2 million, cost of goods sold and pre-tax income by approximately $3.6 million and $0.6 million, respectively, and overstatement of inventory by approximately $3.6 million.",this sales cut off error resulted in understatement of sales accounts receivable by approximately $ <num> <num> million cost of goods sold and pre tax income by approximately $ <num> <num> million and $ <num> <num> million respectively and overstatement of inventory by approximately $ <num> <num> million,2008-12-31,1076784,the company did not identify material sales cut-off errors as part of its period end closing process.,the company did not identify material sales cut off errors as part of its period end closing process,305,0,1,ISSUE,0,other,1,0,0,False,False,18.0,0,0,trainval,legacy_issue_only,1,ISSUE,0,1,other,ISSUE,0,0,,codex_pass2,,guideline_v1_round1_pass2,19,ISSUE,0,0,,False,False,False,False,False,none
1218,0000929940_2007_4,80,"among other things, any unremediated material weaknesses could result in material post-closing adjustments in future financial statements.",among other things any unremediated material weaknesses could result in material post closing adjustments in future financial statements,2007-06-30,929940,"while this implementation phase is underway, we are relying on extensive manual procedures, including regular reviews, to assist us with meeting the objectives otherwise fulfilled by an effective internal control environment.",while this implementation phase is underway we are relying on extensive manual procedures including regular reviews to assist us with meeting the objectives otherwise fulfilled by an effective internal control environment,136,1,0,OTHER,1,effect,1,1,0,False,False,37.0,1,0,trainval,legacy_issue_and_remediation,1,OTHER,1,0,effect,ISSUE,0,0,,codex_pass2,,guideline_v1_round1_pass2,20,ISSUE,0,0,,False,False,False,False,False,none
66,0000910638_2007_4,29,we reviewed the effect of this material weakness on each accounting period that was affected and concluded that it did not result in a material misstatement of our financial statements in any accounting period.,we reviewed the effect of this material weakness on each accounting period that was affected and concluded that it did not result in a material misstatement of our financial statements in any accounting period,2007-12-31,910638,certain processes adopted by this service provider affected the accurate accounting for inventory and our timing of the recognition of the related revenue.,certain processes adopted by this service provider affected the accurate accounting for inventory and our timing of the recognition of the related revenue,209,0,0,OTHER,1,effect,1,1,0,False,False,6.0,1,0,test,legacy_issue_and_remediation,1,OTHER,1,0,effect,OTHER,0,0,effect,codex_pass2,effect statement rather than direct issue/action,guideline_v1_round1_pass2,21,ISSUE,0,0,,True,False,False,True,True,ISSUE->OTHER
1220,0000929940_2007_4,82,"risk factors—in preparing our consolidated financial statements, we identified material weaknesses in our internal control over financial reporting, and our failure to remedy effectively the five material weaknesses identified as of june 30, 2007 could result in material misstatements in our financial statements"" in part i of this form 10-k.",risk factors in preparing our consolidated financial statements we identified material weaknesses in our internal control over financial reporting and our failure to remedy effectively the five material weaknesses identified as of <month> <num> <year> could result in material misstatements in our financial statements in part i of this form <num> k,2007-06-30,929940,"furthermore, any such unremediated material weaknesses could have the effects described in ""item 1a.",furthermore any such unremediated material weaknesses could have the effects described in item 1a,349,0,0,OTHER,1,effect,1,1,0,False,False,37.0,1,0,trainval,legacy_issue_and_remediation,1,OTHER,1,0,effect,ISSUE,0,0,,codex_pass2,,guideline_v1_round1_pass2,22,ISSUE,0,0,,False,False,False,False,False,none
510,0001311241_2015_4,20,"if our efforts to remediate these material weaknesses are not successful or if other deficiencies occur, our ability to accurately and timely report our financial position, results of operations, cash flows or key operating metrics could be impaired, which could result in late filings of our annual and quarterly reports under the exchange act, restatements of our consolidated financial statements or other corrective disclosures.",if our efforts to remediate these material weaknesses are not successful or if other deficiencies occur our ability to accurately and timely report our financial position results of operations cash flows or key operating metrics could be impaired which could result in late filings of our annual and quarterly reports under the exchange act restatements of our consolidated financial statements or other corrective disclosures,2015-12-31,1311241,"we cannot assure you that we will be able to remediate our existing material weaknesses in a timely manner, if at all, or that in the future, additional material weaknesses will not exist, reoccur or otherwise be discovered, a risk that is significantly increased in light of the complexity of our business.",we cannot assure you that we will be able to remediate our existing material weaknesses in a timely manner if at all or that in the future additional material weaknesses will not exist reoccur or otherwise be discovered a risk that is significantly increased in light of the complexity of our business,426,0,0,OTHER,1,effect,1,1,0,False,True,15.0,1,0,trainval,legacy_issue_and_remediation,1,OTHER,1,0,effect,OTHER,0,0,effect,codex_pass2,effect statement rather than direct issue/action,guideline_v1_round1_pass2,23,ISSUE,0,0,,True,False,False,True,True,ISSUE->OTHER
993,0000096831_2006_4,9,"this control deficiency resulted in the restatement of our 2005 quarterly consolidated financial statements, the consolidated financial statements for the first and second quarters of 2006 and adjustments to the consolidated financial statements for the third quarter of 2006, affecting accrued liabilities, tax expense (benefit), and income from discontinued operations, net of tax.",this control deficiency resulted in the restatement of our <year> quarterly consolidated financial statements the consolidated financial statements for the first and second quarters of <year> and adjustments to the consolidated financial statements for the third quarter of <year> affecting accrued liabilities tax expense benefit and income from discontinued operations net of tax,2006-12-31,96831,"specifically, we did not maintain effective controls to ensure the completeness and accuracy of . state income tax expense associated with a division accounted for as a discontinued operation in 2006, (ii) the effective tax rates applied to foreign operations, and (iii) the allocation of federal income tax expense between continuing and discontinued operations.",specifically we did not maintain effective controls to ensure the completeness and accuracy of state income tax expense associated with a division accounted for as a discontinued operation in <year> ii the effective tax rates applied to foreign operations and iii the allocation of federal income tax expense between continuing and discontinued operations,381,0,1,ISSUE,0,other,1,0,0,False,False,,0,0,trainval,legacy_issue_only,1,ISSUE,0,1,other,ISSUE,0,0,,codex_pass2,,guideline_v1_round1_pass2,24,ISSUE,0,0,,False,False,False,False,False,none
634,0000028823_2018_4,18,"these control deficiencies resulted in misstatements to goodwill impairment, inventory and redeemable non-controlling interests all of which were corrected prior to issuance of the company’s consolidated financial statements as of and for the year ended december 31, 2018 included in this annual report on form 10-k.",these control deficiencies resulted in misstatements to goodwill impairment inventory and redeemable non controlling interests all of which were corrected prior to issuance of the company s consolidated financial statements as of and for the year ended <month> <num> <year> included in this annual report on form <num> k,2018-12-31,28823,the company had ineffective controls over non-routine transactions as certain controls were not designed at the appropriate level of precision to ensure calculations supporting non-routine transaction were calculated correctly.,the company had ineffective controls over non routine transactions as certain controls were not designed at the appropriate level of precision to ensure calculations supporting non routine transaction were calculated correctly,320,0,1,ISSUE,0,other,1,0,0,False,False,22.0,0,0,trainval,legacy_issue_only,1,ISSUE,0,1,other,ISSUE,0,0,,codex_pass2,,guideline_v1_round1_pass2,25,ISSUE,0,0,,False,False,False,False,False,none
901,0000077281_2021_4,12,"these deficiencies related to. identifying and assessing risks of misstatement to ensure management review controls are designed, implemented, and operating at a level to effectively respond to those risks, (ii) monitoring the consistent operation of internal control over financial reporting and remediation of known control deficiencies, and (iii) evaluating the reliability of information used in management review controls.",these deficiencies related to identifying and assessing risks of misstatement to ensure management review controls are designed implemented and operating at a level to effectively respond to those risks ii monitoring the consistent operation of internal control over financial reporting and remediation of known control deficiencies and iii evaluating the reliability of information used in management review controls,2021-12-31,77281,we identified deficiencies in the design or operating effectiveness of certain management review controls.,we identified deficiencies in the design or operating effectiveness of certain management review controls,417,0,1,OTHER,1,background,1,1,0,False,True,12.0,1,0,trainval,legacy_issue_and_remediation,1,OTHER,1,1,background,OTHER,0,0,other,codex_pass2,,guideline_v1_round1_pass2,26,ISSUE,0,0,,True,False,False,True,True,ISSUE->OTHER
219,0001036968_2006_4,20,this control deficiency resulted in audit adjustments to our fiscal 2006 interim and annual consolidated financial statements.,this control deficiency resulted in audit adjustments to our fiscal <year> interim and annual consolidated financial statements,2006-12-31,1036968,"specifically, we did not have effective controls over the process for identifying, accumulating and reviewing all required supporting information to ensure the completeness, accuracy and timely preparation and review of our consolidated financial statements and disclosures.",specifically we did not have effective controls over the process for identifying accumulating and reviewing all required supporting information to ensure the completeness accuracy and timely preparation and review of our consolidated financial statements and disclosures,127,1,1,ISSUE,0,other,1,0,0,False,False,,0,0,trainval,legacy_issue_only,1,ISSUE,0,1,other,ISSUE,0,0,,codex_pass2,,guideline_v1_round1_pass2,27,ISSUE,0,0,,False,False,False,False,False,none
929,0001494259_2022_4,20,"however, the material weakness could have resulted in material misstatements in our interim or annual financial statements and disclosures which then may not have been prevented or detected.",however the material weakness could have resulted in material misstatements in our interim or annual financial statements and disclosures which then <month> not have been prevented or detected,2022-12-31,1494259,this material weakness did not result in a known material misstatement to our financial statements.,this material weakness did not result in a known material misstatement to our financial statements,192,0,1,OTHER,1,effect,1,1,0,False,False,8.0,1,0,trainval,legacy_issue_and_remediation,1,OTHER,1,1,effect,ISSUE,0,0,,codex_pass2,,guideline_v1_round1_pass2,28,ISSUE,0,0,,False,False,False,False,False,none
303,0000080035_2007_4,14,these control deficiencies resulted in various adjustments to the deferred tax balances.,these control deficiencies resulted in various adjustments to the deferred tax balances,2007-12-31,80035,"there was insufficient analysis, documentation and review of the company’s income tax accounts and supporting details, in particular as related to the company’s accounting for transfer pricing, reinvestment of undistributed foreign earnings, foreign earnings and profits pools, valuation allowances for deferred tax assets and the classification of deferred tax balances in the consolidated balance sheet.",there was insufficient analysis documentation and review of the company s income tax accounts and supporting details in particular as related to the company s accounting for transfer pricing reinvestment of undistributed foreign earnings foreign earnings and profits pools valuation allowances for deferred tax assets and the classification of deferred tax balances in the consolidated balance sheet,87,1,1,ISSUE,0,other,1,0,0,False,False,23.0,0,0,trainval,legacy_issue_only,1,ISSUE,0,1,other,OTHER,0,0,effect,codex_pass2,effect statement rather than direct issue/action,guideline_v1_round1_pass2,29,ISSUE,0,0,,True,False,False,True,True,ISSUE->OTHER
1321,0000886163_2005_4,5,"with respect to certain procedures performed in connection with the assessment process, the timing of such remediation efforts resulted in limitations on management’s ability to conclude that certain elements of the company’s internal control over financial reporting were operating effectively for a reasonable period of time prior to december 31, 2005.",with respect to certain procedures performed in connection with the assessment process the timing of such remediation efforts resulted in limitations on management s ability to conclude that certain elements of the company s internal control over financial reporting were operating effectively for a reasonable period of time prior to <month> <num> <year>,2005-12-31,886163,"based on the results of management’s assessment and evaluation, the ceo and cfo concluded that while certain of the remediation initiatives undertaken in response to material weaknesses identified during 2004 and discussed below have been completed, other remediation initiatives were either not fully implemented by december 31, 2005 or were completed during the fourth quarter of 2005.",based on the results of management s assessment and evaluation the ceo and cfo concluded that while certain of the remediation initiatives undertaken in response to material weaknesses identified during <year> and discussed below have been completed other remediation initiatives were either not fully implemented by <month> <num> <year> or were completed during the fourth quarter of <year>,355,0,0,OTHER,1,effect,1,1,0,False,True,4.0,1,0,trainval,legacy_issue_and_remediation,1,OTHER,1,0,effect,ISSUE,0,0,,codex_pass2,,guideline_v1_round1_pass2,30,OTHER,0,0,status,True,False,False,True,True,OTHER->ISSUE
671,0001517022_2023_4,9,"remediation efforts of the material weakness - inventories the control deficiencies described above resulted in certain accounting errors, including in our internal preliminary consolidated financial statements for the year ended december 31, 2023, that were corrected prior to the issuance of such annual consolidated financial statements.",remediation efforts of the material weakness inventories the control deficiencies described above resulted in certain accounting errors including in our internal preliminary consolidated financial statements for the year ended <month> <num> <year> that were corrected prior to the issuance of such annual consolidated financial statements,2023-12-31,1517022,"specifically, we did not maintain effective controls related to . the review of inventory reconciliations, (ii) the validation of the inventory costing, (iii) the classification of inventory within the balance sheet and cost of product and other revenue related costs in the statement of operations, (iv) the calculation of estimated excess firm purchase commitment liability and . the verification that the existence of all inventories subject to physical inventory counts were accurately counted.",specifically we did not maintain effective controls related to the review of inventory reconciliations ii the validation of the inventory costing iii the classification of inventory within the balance sheet and cost of product and other revenue related costs in the statement of operations iv the calculation of estimated excess firm purchase commitment liability and the verification that the existence of all inventories subject to physical inventory counts were accurately counted,338,0,0,OTHER,1,effect,1,1,0,False,True,9.0,1,0,trainval,legacy_issue_and_remediation,1,OTHER,1,0,effect,ISSUE,0,1,,codex_pass2,awkward remediation header merged with problem statement,guideline_v1_round1_pass2,31,ISSUE,0,1,,False,False,False,False,False,none
738,0000918958_2006_4,10,"we identified that our preparation and review of the calculation of minority interest associated with our series a and series b preferred share offerings resulted in an incorrect allocation of net income between us and the other limited partners of the operating partnership, whom we refer to as unitholders.",we identified that our preparation and review of the calculation of minority interest associated with our series a and series b preferred share offerings resulted in an incorrect allocation of net income between us and the other limited partners of the operating partnership whom we refer to as unitholders,2006-12-31,918958,description and remediation of material weaknesses calculation of minority interest.,description and remediation of material weaknesses calculation of minority interest,306,0,0,OTHER,1,effect,1,1,0,False,False,9.0,1,0,trainval,legacy_issue_and_remediation,1,OTHER,1,0,effect,ISSUE,0,0,,codex_pass2,,guideline_v1_round1_pass2,32,ISSUE,0,0,,False,False,False,False,False,none
193,0000828146_2005_4,9,"these weaknesses resulted in adjustments in accounts receivable and allowance for doubtful accounts, sales return reserves, prepaid expenses and other assets, accounts payable, stockholders' equity and due from stockholders.",these weaknesses resulted in adjustments in accounts receivable and allowance for doubtful accounts sales return reserves prepaid expenses and other assets accounts payable stockholders equity and due from stockholders,2005-12-31,828146,this conclusion was reached based on the identification of material weaknesses described below. o certain weaknesses were identified related to the closing and financial reporting of our quarterly and annual financial statements.,this conclusion was reached based on the identification of material weaknesses described below o certain weaknesses were identified related to the closing and financial reporting of our quarterly and annual financial statements,218,0,1,ISSUE,0,other,1,0,0,False,False,14.0,0,0,test,legacy_issue_only,1,ISSUE,0,1,other,ISSUE,0,0,,codex_pass2,,guideline_v1_round1_pass2,33,ISSUE,0,0,,False,False,False,False,False,none
912,0000077281_2021_4,25,"72 management believes that its ongoing remediation efforts to design, implement, and enhance precision of management review controls and ensure reliability of information used in the controls will reduce the risk that a material misstatement to the consolidated financial statements would not be prevented or detected on a timely basis.",<num> management believes that its ongoing remediation efforts to design implement and enhance precision of management review controls and ensure reliability of information used in the controls will reduce the risk that a material misstatement to the consolidated financial statements would not be prevented or detected on a timely basis,2021-12-31,77281,development of processes and procedures to enhance the precision of management review of financial statement information including implementation of an automated workflow for manual journal entry review and posting.,development of processes and procedures to enhance the precision of management review of financial statement information including implementation of an automated workflow for manual journal entry review and posting,337,0,0,OTHER,1,effect,1,1,0,False,True,12.0,1,0,trainval,legacy_issue_and_remediation,1,OTHER,1,0,effect,REMEDIATION,0,0,,codex_pass2,,guideline_v1_round1_pass2,34,REMEDIATION,0,0,,False,False,False,False,False,none
1222,0001056794_2007_4,17,"evaluation of and revision as needed, of calculations used in the preparation of accounts receivable, warranty, and excess and obsolete inventory reserves that fully consider the impact of changing trends in our revenues, outstanding ar balances and excess and obsolete inventory movement, and increased supervision and review over other judgmental and complex processes and transactions.",evaluation of and revision as needed of calculations used in the preparation of accounts receivable warranty and excess and obsolete inventory reserves that fully consider the impact of changing trends in our revenues outstanding ar balances and excess and obsolete inventory movement and increased supervision and review over other judgmental and complex processes and transactions,2007-06-30,1056794,controls over judgmental and complex processes and transactions were inadequate resulting in insufficient control over financial reporting.,controls over judgmental and complex processes and transactions were inadequate resulting in insufficient control over financial reporting,382,0,0,OTHER,1,effect,1,1,0,False,False,16.0,1,0,test,legacy_issue_and_remediation,1,OTHER,1,0,effect,REMEDIATION,0,0,,codex_pass2,,guideline_v1_round1_pass2,35,REMEDIATION,0,0,,False,False,False,False,False,none
311,0000080035_2007_4,23,"none of the adjustments mentioned above are considered individually material to the 2007 consolidated financial statements; however, this material weakness, if not remediated, has the potential to cause a material misstatement.",none of the adjustments mentioned above are considered individually material to the <year> consolidated financial statements however this material weakness if not remediated has the potential to cause a material misstatement,2007-12-31,80035,the lack of review and sufficient evaluation and documentation of certain assumptions and source data contributed to a goodwill impairment adjustment.,the lack of review and sufficient evaluation and documentation of certain assumptions and source data contributed to a goodwill impairment adjustment,224,0,0,OTHER,1,background,1,1,0,False,True,23.0,1,0,trainval,legacy_issue_and_remediation,1,OTHER,1,0,background,ISSUE,0,0,,codex_pass2,,guideline_v1_round1_pass2,36,ISSUE,0,0,,False,False,False,False,False,none
1175,0000929940_2007_4,34,"these adjustments caused changes in the valuation of accounts and installments receivable, unbilled receivables, accrued expenses, deferred revenue, revenue, general and administrative expenses and interest income.",these adjustments caused changes in the valuation of accounts and installments receivable unbilled receivables accrued expenses deferred revenue revenue general and administrative expenses and interest income,2007-06-30,929940,"specifically, our controls did not ensure that . accurate and complete information as to our ability to collect outstanding installment and accounts receivables is captured and used to record sufficient provisions for doubtful accounts; . interest income on installment receivables is appropriately classified within the statement of operations; . credits and adjustments for sales and withholding taxes are properly recorded; and . professional services delivered but not billed are properly presented in the balance sheet.",specifically our controls did not ensure that accurate and complete information as to our ability to collect outstanding installment and accounts receivables is captured and used to record sufficient provisions for doubtful accounts interest income on installment receivables is appropriately classified within the statement of operations credits and adjustments for sales and withholding taxes are properly recorded and professional services delivered but not billed are properly presented in the balance sheet,208,0,1,ISSUE,0,other,1,0,0,False,False,37.0,0,0,trainval,legacy_issue_only,1,ISSUE,0,1,other,OTHER,0,0,effect,codex_pass2,effect statement rather than direct issue/action,guideline_v1_round1_pass2,37,ISSUE,0,0,,True,False,False,True,True,ISSUE->OTHER
1500,0000790703_2013_4,29,"as a result of this control deficiency, we failed to detect on a timely basis the improper manual journal entries in the three subsidiaries referred to above that represent the most significant portion of the errors corrected by the restatement.",as a result of this control deficiency we failed to detect on a timely basis the improper manual journal entries in the three subsidiaries referred to above that represent the most significant portion of the errors corrected by the restatement,2013-01-31,790703,we also had a similar weakness in two subsidiaries in latin america representing approximately 1% of our consolidated net sales in fiscal 2013.,we also had a similar weakness in two subsidiaries in latin america representing approximately <num> of our consolidated net sales in fiscal <year>,243,0,1,ISSUE,0,other,1,0,0,False,False,39.0,0,0,test,legacy_issue_only,1,ISSUE,0,1,other,ISSUE,0,0,,codex_pass2,,guideline_v1_round1_pass2,38,ISSUE,0,0,,False,False,False,False,False,none
1031,0001129633_2015_4,32,&#9702; the company made revisions to the balance sheet account reconciliation policy to better align the reconciliation controls with the risks that the company identified both in the financial statements and the reconciliation process.,<year> the company made revisions to the balance sheet account reconciliation policy to better align the reconciliation controls with the risks that the company identified both in the financial statements and the reconciliation process,2015-12-31,1129633,&#9702; designed and implemented new controls and enhanced existing controls in multiple processes that are part of the financial close and recording of journal entries that include levels of review at the appropriate precision and by personnel with the appropriate experience.,<year> designed and implemented new controls and enhanced existing controls in multiple processes that are part of the financial close and recording of journal entries that include levels of review at the appropriate precision and by personnel with the appropriate experience,235,0,0,OTHER,1,background,1,1,0,False,False,9.0,1,0,test,legacy_issue_and_remediation,1,OTHER,1,0,background,REMEDIATION,0,0,,codex_pass2,,guideline_v1_round1_pass2,39,REMEDIATION,0,0,,False,False,False,False,False,none
1158,0000929940_2007_4,15,"these adjustments resulted in changes to assets, liabilities, stockholders' equity, revenues and expenses.",these adjustments resulted in changes to assets liabilities stockholders equity revenues and expenses,2007-06-30,929940,"specifically, we did not have adequate controls and procedures with respect to the . accounting for complex non-routine transactions, including the accounting for transfers of installment and accounts receivable as discussed below; . sufficient personnel with an appropriate level of technical accounting knowledge, experience, and training; . review of manual journal entries recorded; . timely preparation and review of period-end account analyses and timely disposition of any required adjustments; . proper consolidation and accounting for all intercompany activities including those denominated in local currencies; and . timely reconciliation and recording of stock-based awards.",specifically we did not have adequate controls and procedures with respect to the accounting for complex non routine transactions including the accounting for transfers of installment and accounts receivable as discussed below sufficient personnel with an appropriate level of technical accounting knowledge experience and training review of manual journal entries recorded timely preparation and review of period end account analyses and timely disposition of any required adjustments proper consolidation and accounting for all intercompany activities including those denominated in local currencies and timely reconciliation and recording of stock based awards,101,1,1,ISSUE,0,other,1,0,0,False,False,37.0,0,0,trainval,legacy_issue_only,1,ISSUE,0,1,other,OTHER,0,0,effect,codex_pass2,effect statement rather than direct issue/action,guideline_v1_round1_pass2,40,ISSUE,0,0,,True,False,False,True,True,ISSUE->OTHER
1424,0000918251_2019_4,15,"the deficiencies resulted in the recording of immaterial adjustments in the fiscal year ended march 31, 2019.",the deficiencies resulted in the recording of immaterial adjustments in the fiscal year ended <month> <num> <year>,2019-03-31,918251,"as a result of the lack of technical accounting resources, we were unable to remediate the deficiencies at d&v prior to march 31, 2019.",as a result of the lack of technical accounting resources we were unable to remediate the deficiencies at d v prior to <month> <num> <year>,114,1,0,OTHER,1,effect,1,1,0,False,False,14.0,1,0,trainval,legacy_issue_and_remediation,1,OTHER,1,0,effect,OTHER,0,0,effect,codex_pass2,effect statement rather than direct issue/action,guideline_v1_round1_pass2,41,ISSUE,0,0,,True,False,False,True,True,ISSUE->OTHER
1227,0001087934_2014_4,13,"until remediated, further adjustments are possible.",until remediated further adjustments are possible,2014-12-31,1087934,"this material weakness resulted in a restatement to sales tax liability that on a cumulative basis was $3.4 million as of september 30, 2014.",this material weakness resulted in a restatement to sales tax liability that on a cumulative basis was $ <num> <num> million as of <month> <num> <year>,49,1,0,OTHER,1,background,1,1,0,False,True,13.0,1,0,trainval,legacy_issue_and_remediation,1,OTHER,1,0,background,OTHER,0,1,other,codex_pass2,fragmentary impact sentence; needs surrounding remediation context,guideline_v1_round1_pass2,42,OTHER,0,1,other,False,False,False,False,False,none
1459,0000944765_2006_4,30,these deficiencies resulted in more than a remote likelihood that a material misstatement of our annual or interim financial statements would not be prevented or detected and contributed to the revenue recognition deficiency described above.,these deficiencies resulted in more than a remote likelihood that a material misstatement of our annual or interim financial statements would not be prevented or detected and contributed to the revenue recognition deficiency described above,2006-12-31,944765,"as a result, controls over the access to, and completeness, accuracy and validity of transactions processed through and reports generated from our accounting system were not designed appropriately or did not operate as designed.",as a result controls over the access to and completeness accuracy and validity of transactions processed through and reports generated from our accounting system were not designed appropriately or did not operate as designed,240,0,1,OTHER,1,effect,1,1,0,False,False,15.0,1,0,trainval,legacy_issue_and_remediation,1,OTHER,1,1,effect,ISSUE,0,0,,codex_pass2,,guideline_v1_round1_pass2,43,ISSUE,0,0,,False,False,False,False,False,none
181,0001401257_2017_4,7,"this control deficiency resulted in an adjustment to the gain realized upon the consolidation of global tubing, llc.",this control deficiency resulted in an adjustment to the gain realized upon the consolidation of global tubing llc,2017-12-31,1401257,"specifically, our review procedures over the development and application of inputs, assumptions, and calculations used in fair value measurements associated with business combinations and goodwill impairment testing did not operate at an appropriate level of precision commensurate with our financial reporting requirements.",specifically our review procedures over the development and application of inputs assumptions and calculations used in fair value measurements associated with business combinations and goodwill impairment testing did not operate at an appropriate level of precision commensurate with our financial reporting requirements,114,1,1,ISSUE,0,other,1,0,0,False,False,16.0,0,0,trainval,legacy_issue_only,1,ISSUE,0,1,other,OTHER,0,0,effect,codex_pass2,effect statement rather than direct issue/action,guideline_v1_round1_pass2,44,ISSUE,0,0,,True,False,False,True,True,ISSUE->OTHER
92,0001050446_2014_4,13,"although no adjustment was required to our consolidated financial statements, management concluded that there is a reasonable possibility that a material misstatement could occur in consulting revenue and travel and entertainment expenses in the consolidated financial statements if the control deficiency was not remediated.",although no adjustment was required to our consolidated financial statements management concluded that there is a reasonable possibility that a material misstatement could occur in consulting revenue and travel and entertainment expenses in the consolidated financial statements if the control deficiency was not remediated,2014-12-31,1050446,"the company had a failure of the operating effectiveness of a monitoring control designed to ensure that the company obtains evidence of the design and operating effectiveness of the automated transaction level controls related to a third-party service organization’s cloud-based professional services automation system used to track billable time and expenses and internal business travel and entertainment expenses (information), and the related general information technology controls intended to prevent unauthorized system access and inappropriate change management to the cloud-based professional services automation system and information contained within.",the company had a failure of the operating effectiveness of a monitoring control designed to ensure that the company obtains evidence of the design and operating effectiveness of the automated transaction level controls related to a third party service organization s cloud based professional services automation system used to track billable time and expenses and internal business travel and entertainment expenses information and the related general information technology controls intended to prevent unauthorized system access and inappropriate change management to the cloud based professional services automation system and information contained within,323,0,0,OTHER,1,background,1,1,0,False,True,13.0,1,0,trainval,legacy_issue_and_remediation,1,OTHER,1,0,background,OTHER,1,0,other,codex_pass2,mixed problem and remediation in one sentence,guideline_v1_round1_pass2,45,OTHER,1,0,other,False,False,False,False,False,none
1324,0000886163_2005_4,8,"these circumstances, coupled with the loss of key accounting and internal audit personnel during the restatement process, contributed to the existence of four additional material weaknesses relating to the company’s internal control over financial reporting, as follows. 1) the inability of the company to maintain an effective independent internal audit department; 2) the existence of ineffective spreadsheet controls used in connection with the company’s financial processes, including review, testing, access and integrity controls; 3) the existence of accounting system access rights granted to certain members of the company’s accounting and finance department that are incompatible with the current roles and duties of such individuals (i.e. segregation of duties); and 4) the inability of management to properly maintain the company’s documentation of the internal control over financial reporting during 2005 or to substantively commence the process to update such documentation and assessment until december 2005.",these circumstances coupled with the loss of key accounting and internal audit personnel during the restatement process contributed to the existence of four additional material weaknesses relating to the company s internal control over financial reporting as follows <num> the inability of the company to maintain an effective independent internal audit department <num> the existence of ineffective spreadsheet controls used in connection with the company s financial processes including review testing access and integrity controls <num> the existence of accounting system access rights granted to certain members of the company s accounting and finance department that are incompatible with the current roles and duties of such individuals i e segregation of duties and <num> the inability of management to properly maintain the company s documentation of the internal control over financial reporting during <year> or to substantively commence the process to update such documentation and assessment until <month> <year>,2005-12-31,886163,"additionally, management’s process for assessing the company’s internal control over financial reporting, as of december 31, 2005 was delayed as a result of the restatement of the company’s prior years’ consolidated financial statements which did not conclude until late 2005.",additionally management s process for assessing the company s internal control over financial reporting as of <month> <num> <year> was delayed as a result of the restatement of the company s prior years consolidated financial statements which did not conclude until late <year>,1024,0,1,OTHER,1,background,1,1,0,False,False,4.0,1,0,trainval,legacy_issue_and_remediation,1,OTHER,1,1,background,ISSUE,0,0,,codex_pass2,,guideline_v1_round1_pass2,46,ISSUE,0,0,,False,False,False,False,False,none
1171,0000929940_2007_4,29,"these adjustments caused changes in revenue, interest income, accounts receivable, unbilled services, and deferred revenue.",these adjustments caused changes in revenue interest income accounts receivable unbilled services and deferred revenue,2007-06-30,929940,69. the financial statements as of and for fiscal 2007.,<num> the financial statements as of and for fiscal <year>,118,1,1,ISSUE,0,other,1,0,0,False,False,37.0,0,0,trainval,legacy_issue_only,1,ISSUE,0,1,other,OTHER,0,0,effect,codex_pass2,effect statement rather than direct issue/action,guideline_v1_round1_pass2,47,ISSUE,0,0,,True,False,False,True,True,ISSUE->OTHER
1210,0000929940_2007_4,72,enhance procedures for the review and approval of customer credit memos and adjustments including a monthly reconciliation of authorized amounts to actual credits and adjustments recorded;.,enhance procedures for the review and approval of customer credit memos and adjustments including a monthly reconciliation of authorized amounts to actual credits and adjustments recorded,2007-06-30,929940,in order to improve controls over the accounts receivable function we intend to.,in order to improve controls over the accounts receivable function we intend to,187,0,0,OTHER,1,effect,1,1,0,False,False,37.0,1,0,trainval,legacy_issue_and_remediation,1,OTHER,1,0,effect,REMEDIATION,0,0,,codex_pass2,,guideline_v1_round1_pass2,48,REMEDIATION,0,0,,False,False,False,False,False,none
941,0001494259_2022_4,32,implementation of controls at the corporate level to reduce the risk of material misstatement related to caroffer financial statements and disclosures; .,implementation of controls at the corporate level to reduce the risk of material misstatement related to caroffer financial statements and disclosures,2022-12-31,1494259,engaging internal and external resources to assist with remediation ; .,engaging internal and external resources to assist with remediation,150,0,0,OTHER,1,background,1,1,0,False,False,8.0,1,0,trainval,legacy_issue_and_remediation,1,OTHER,1,0,background,REMEDIATION,0,0,,codex_pass2,,guideline_v1_round1_pass2,49,REMEDIATION,0,0,,False,False,False,False,False,none
286,0000850033_2014_4,15,"accordingly, a reasonable possibility exists that a material misstatement of revenue or disclosure of revenue to be received in the subsequent quarter could occur and remain undetected in the trust’s interim or annual financial statements.",accordingly a reasonable possibility exists that a material misstatement of revenue or disclosure of revenue to be received in the subsequent quarter could occur and remain undetected in the trust s interim or annual financial statements,2014-12-31,850033,"50 table of contents as a result of the material weakness, the trustee failed to identify the underpayments of 2014 royalty payments by bp alaska.",<num> table of contents as a result of the material weakness the trustee failed to identify the underpayments of <year> royalty payments by bp alaska,237,0,1,ISSUE,0,other,1,0,0,False,False,18.0,0,0,test,legacy_issue_only,1,ISSUE,0,1,other,ISSUE,0,0,,codex_pass2,,guideline_v1_round1_pass2,50,ISSUE,0,0,,False,False,False,False,False,none
